StartDate,EndDate,Status,Progress,Duration..in.seconds.,Finished,RecordedDate,ExternalReference,UserLanguage,Introduction,PessimismOptimism1,PessimismOptimism2,TrueBeliefsV1_1,TrueBeliefsV2_1,ConfidenceIntervalV1_1,ConfidenceIntervalV2_1,EarningsManagementV1_1,EarningsManagementV1_2,EarningsManagementV2_1,EarningsManagementV2_2,InformativenessV1_1,InformativenessV1_2,InformativenessV1_3,InformativenessV1_4,InformativenessV1_5,InformativenessV2_1,InformativenessV2_2,InformativenessV2_3,InformativenessV2_4,InformativenessV2_5,Konzernabschluss,Kapitalmarkt,SalesUnternehmen,SalesUnternehmen_0_TEXT,SalesKonzern,SalesKonzern_0_TEXT,EmployeesUnternehmen,EmployeesUnternehmen_0_TEXT,EmployeesKonzern,EmployeesKonzern_0_TEXT,Working.experience,Working.experience_0_TEXT,Position,Position_0_TEXT,AccountingExperience,ForecasteExperience,Age,Age_0_TEXT,Gender,Interval.Width
2021-12-21 07:45:08,2021-12-21 07:56:28,0,100,680,1,2021-12-21 07:56:30,DE2947,DE,4,2,2,,"6,50",,75,,,6,7,,,,,,4,2,3,3,,1,,4,,,,2,,,,0,30,0,CEO,2,2,0,55,1,2
2021-12-21 07:53:57,2021-12-21 07:56:45,0,100,167,1,2021-12-21 07:56:47,DE846,DE,4,2,2,,6,,50,,,2,2,,,,,,3,3,1,,3,1,1,4,,,,2,,,,0,30,7,,1,,0,55,1,2
2021-12-21 07:48:23,2021-12-21 07:56:51,0,100,508,1,2021-12-21 07:56:53,DE1907,DE,4,3,4,"7,30",,90,,2,5,,,2,6,4,5,,,,,,,0,1,,,0,247409874,,,0,926,0,33,7,,1,1,0,56,1,1
2021-12-21 07:56:54,2021-12-21 08:01:46,0,100,291,1,2021-12-21 08:01:46,DE4422,DE,4,2,4,"7,5",,80,,6,3,,,3,3,3,3,,,,,,,1,1,7,,,,3,,,,0,35,1,,1,1,0,60,1,1
2021-12-21 08:03:34,2021-12-21 08:09:37,0,100,363,1,2021-12-21 08:09:37,DE1965,DE,4,2,4,,8,,90,,,7,4,,,,,,4,4,4,,4,1,1,5,,,,3,,,,0,22,7,,1,2,0,45,1,2
2021-12-21 08:03:50,2021-12-21 08:12:12,0,100,502,1,2021-12-21 08:12:13,DE7929,DE,4,1,4,"7,30",,85,,3,,,,,4,,,,,,,,,1,,3,,,,0,105,,,,,7,,2,3,,,2,1
2021-12-21 08:11:50,2021-12-21 08:17:12,0,100,322,1,2021-12-21 08:17:14,DE8441,DE,4,2,4,"7,38",,80,,6,6,,,6,4,6,5,,,,,,,1,1,7,,,,2,,,,0,30,5,,1,1,0,49,1,1
2021-12-21 08:13:29,2021-12-21 08:17:40,0,100,250,1,2021-12-21 08:17:40,DE6611,DE,4,2,3,,"8,20",,85,,,4,4,,,,,,5,2,5,3,,1,1,4,,,,2,,,,1,,5,,1,2,0,51,1,2
2021-12-21 08:15:57,2021-12-21 08:21:31,0,100,334,1,2021-12-21 08:21:31,DE3950,DE,4,3,4,,7,,75,,,5,5,,,,,,3,5,4,,3,1,1,3,,,,1,,,,0,27,7,,2,3,0,53,1,2
2021-12-21 08:09:42,2021-12-21 08:21:39,0,100,717,1,2021-12-21 08:21:40,DE3434,DE,4,2,4,"7,5",,100,,6,2,,,4,6,4,,1,,,,,,1,1,0,134.000.000,,,0,175,,,0,25,1,,1,3,0,58,1,1
2021-12-21 08:28:31,2021-12-21 08:31:45,0,100,193,1,2021-12-21 08:31:46,DE344,DE,4,2,4,,8,,80,,,3,5,,,,,,6,3,5,2,,1,1,6,,,,2,,,,1,,7,,1,1,1,,1,2
2021-12-21 08:29:08,2021-12-21 08:34:24,0,100,316,1,2021-12-21 08:34:26,DE391,DE,4,2,4,"7,3",,99,,5,4,,,4,4,3,5,,,,,,,1,1,1,,,,1,,,,0,41,7,,1,3,0,72,1,1
2021-12-21 08:25:27,2021-12-21 08:38:44,0,100,797,1,2021-12-21 08:38:45,DE7613,DE,4,2,4,,"7,80",,95,,,7,7,,,,,,3,5,4,6,,1,1,6,,,,0,160,,,0,25,7,,1,3,0,54,1,2
2021-12-21 08:42:08,2021-12-21 08:45:10,0,100,181,1,2021-12-21 08:45:10,DE7796,DE,4,2,2,,"7,50",,80,,,7,7,,,,,,6,6,6,,2,1,1,2,,,,2,,,,1,,7,,1,1,0,29,2,2
2021-12-21 08:39:50,2021-12-21 08:45:16,0,100,325,1,2021-12-21 08:45:16,DE5774,DE,4,2,2,"7,00",,37,,3,6,,,4,5,3,6,,,,,,,1,1,4,,,,2,,,,0,28,7,,2,2,0,59,1,1
2021-12-21 08:46:03,2021-12-21 08:50:01,0,100,237,1,2021-12-21 08:50:01,DE4579,DE,4,1,3,"7,10",,60,,4,4,,,3,6,6,2,,,,,,,1,1,2,,,,2,,,,0,25,7,,3,3,0,60,1,1
2021-12-21 08:01:47,2021-12-21 08:54:13,0,100,3145,1,2021-12-21 08:54:15,DE8338,DE,4,,,,,,,,,,,,,,,,,,,,,1,1,4,,,,2,,,,0,35,1,,1,1,0,53,2,1
2021-12-21 08:53:02,2021-12-21 08:59:45,0,100,403,1,2021-12-21 08:59:47,DE2711,DE,4,2,3,,"7,60",,90,,,6,3,,,,,,6,4,3,5,,1,1,2,,,,2,,,,0,29,5,,1,2,0,54,1,2
2021-12-21 08:59:59,2021-12-21 09:03:11,0,100,191,1,2021-12-21 09:03:13,DE9293,DE,4,3,4,"7,38",,90,,7,6,,,2,5,2,,6,,,,,,1,1,1,,,,2,,,,0,30,1,,1,3,0,57,1,1
2021-12-21 09:02:49,2021-12-21 09:08:51,0,100,361,1,2021-12-21 09:08:51,DE8474,DE,4,2,4,,8,,99,,,6,2,,,,,,4,5,2,6,,1,1,4,,,,2,,,,0,30,0,Geschäftsführer,1,1,0,55,1,2
2021-12-21 09:06:37,2021-12-21 09:13:24,0,100,406,1,2021-12-21 09:13:25,AT254,DE,4,2,4,"8,00",,80,,3,5,,,6,5,1,3,,,,,,,1,0,8,,,,0,1500,,,0,37,7,,2,3,0,62,1,1
2021-12-21 09:17:54,2021-12-21 09:22:16,0,100,262,1,2021-12-21 09:22:17,DE8746,DE,4,3,2,"7,35",,3,,7,5,,,3,4,3,,1,,,,,,1,1,4,,,,2,,,,1,,4,,2,3,1,,4,1
2021-12-21 09:20:54,2021-12-21 09:24:20,0,100,205,1,2021-12-21 09:24:21,DE8682,DE,4,2,4,,"7,50",,90,,,4,4,,,,,,4,4,4,,4,1,1,1,,,,1,,,,0,30,7,,1,4,0,53,1,2
2021-12-21 09:16:59,2021-12-21 09:27:11,0,100,612,1,2021-12-21 09:27:12,DE4876,DE,4,2,4,,"7,80",,90,,,7,3,,,,,,2,6,2,4,,1,0,6,,,,2,,,,0,40,7,,1,1,0,57,2,2
2021-12-21 09:31:51,2021-12-21 09:39:47,0,100,476,1,2021-12-21 09:39:48,DE6872,DE,4,3,3,"7,25",,50,,5,3,,,2,5,5,5,,,,,,,1,1,1,,,,1,,,,0,33,0,Geschäftsführer ,2,3,0,63,1,1
2021-12-21 09:36:29,2021-12-21 09:39:51,0,100,202,1,2021-12-21 09:39:51,DE9097,DE,4,2,2,,"6,80",,40,,,6,3,,,,,,3,6,1,,5,1,1,9,,,,2,,,,0,24,5,,1,3,0,44,1,2
2021-12-21 09:36:35,2021-12-21 09:40:03,0,100,207,1,2021-12-21 09:40:03,DE128,DE,4,1,4,,"7,20",,70,,,3,3,,,,,,4,4,4,4,,0,1,,,11,,,,3,,0,25,7,,1,3,0,45,1,2
2021-12-21 09:41:27,2021-12-21 09:45:40,0,100,252,1,2021-12-21 09:45:40,DE7636,DE,4,2,4,"7,2",,50,,6,3,,,2,5,2,3,,,,,,,1,1,4,,,,2,,,,0,30,1,,1,3,0,54,2,1
2021-12-21 09:43:31,2021-12-21 09:47:28,0,100,237,1,2021-12-21 09:47:30,DE4512,DE,4,1,3,,"7,30",,95,,,2,2,,,,,,4,4,4,,4,0,1,,,7,,,,3,,0,26,7,,2,3,0,52,1,2
2021-12-21 09:41:30,2021-12-21 09:48:09,0,100,399,1,2021-12-21 09:48:10,DE7784,DE,4,2,2,"7,00",,70,,7,5,,,5,4,4,,2,,,,,,1,1,0,40000000,,,0,102,,,0,41,5,,1,1,0,62,1,1
2021-12-21 09:54:06,2021-12-21 09:59:16,0,100,310,1,2021-12-21 09:59:18,DE2393,DE,4,2,3,,"8,00",,90,,,7,7,,,,,,5,5,2,2,,1,1,6,,,,3,,,,0,22,7,,1,1,0,48,1,2
2021-12-21 10:02:46,2021-12-21 10:05:45,0,100,179,1,2021-12-21 10:05:47,DE4348,DE,4,2,4,,"8,50",,80,,,7,7,,,,,,4,6,4,5,,1,1,0,20.000.000,,,0,220,,,0,20,0,COO,2,1,0,43,2,2
2021-12-21 10:05:59,2021-12-21 10:10:17,0,100,257,1,2021-12-21 10:10:17,DE436,DE,4,3,4,"7,38",,100,,5,7,,,6,5,6,,2,,,,,,0,1,,,4,,,,2,,0,20,5,,1,2,0,49,2,1
2021-12-21 10:19:04,2021-12-21 10:25:54,0,100,409,1,2021-12-21 10:25:55,DE3618,DE,4,3,4,,"8,50",,50,,,6,5,,,,,,6,5,6,,4,1,1,4,,,,3,,,,0,36,7,,1,3,0,60,1,2
2021-12-21 10:37:22,2021-12-21 10:40:36,0,100,193,1,2021-12-21 10:40:36,DE6020,DE,4,1,4,,"7,80",,70,,,6,5,,,,,,4,3,4,4,,1,1,2,,,,2,,,,0,23,7,,1,3,0,48,1,2
2021-12-21 10:39:20,2021-12-21 10:43:21,0,100,240,1,2021-12-21 10:43:22,DE4601,DE,4,3,4,"7,26",,85,,6,4,,,2,5,5,6,,,,,,,1,1,5,,,,2,,,,0,40,7,,1,1,0,68,1,1
2021-12-21 10:59:26,2021-12-21 11:02:13,0,100,166,1,2021-12-21 11:02:15,DE1393,DE,4,3,3,,"7,20",,70,,,4,4,,,,,,4,4,4,4,,1,1,4,,,,2,,,,0,30,0,Kaufm. Leiterin,1,4,0,54,2,2
2021-12-21 11:04:44,2021-12-21 11:09:29,0,100,284,1,2021-12-21 11:09:29,DE3208,DE,4,2,3,"7,38",,90,,5,6,,,2,7,1,,5,,,,,,0,1,,,0,195.000.000,,,2,,0,35,7,,1,1,1,,1,1
2021-12-21 11:07:34,2021-12-21 11:12:04,0,100,269,1,2021-12-21 11:12:04,DE5161,DE,4,3,4,"9,5",,80,,5,6,,,5,5,3,,6,,,,,,1,1,3,,,,2,,,,0,45,5,,1,1,0,60,1,1
2021-12-21 11:31:33,2021-12-21 11:34:54,0,100,201,1,2021-12-21 11:34:56,DE7487,DE,4,2,4,"8,03",,50,,6,5,,,7,4,7,6,,,,,,,1,1,4,,,,2,,,,0,22,5,,2,2,0,44,1,1
2021-12-21 11:37:08,2021-12-21 11:40:54,0,100,226,1,2021-12-21 11:40:55,DE868,DE,4,2,3,"7,30",,50,,4,4,,,5,5,5,6,,,,,,,1,1,6,,,,3,,,,0,45,7,,2,4,0,63,1,1
2021-12-21 11:39:44,2021-12-21 11:43:27,0,100,223,1,2021-12-21 11:43:29,DE2790,DE,4,2,4,,"8,20",,90,,,7,7,,,,,,6,3,6,,2,1,1,10,,,,1,,,,0,25,7,,1,2,0,55,1,2
2021-12-21 08:07:30,2021-12-21 11:46:40,0,100,13150,1,2021-12-21 11:46:41,DE4004,DE,4,2,4,"7,50",,90,,4,6,,,7,2,5,,2,,,,,,1,1,0,11042703,,,1,,,,0,45,1,,1,3,0,63,1,1
2021-12-21 12:25:37,2021-12-21 12:28:24,0,100,167,1,2021-12-21 12:28:25,DE1865,DE,4,3,2,,7,,80,,,7,7,,,,,,4,6,5,6,,1,1,2,,,,0,70,,,0,9,7,,2,3,0,38,1,2
2021-12-21 12:35:31,2021-12-21 12:39:28,0,100,237,1,2021-12-21 12:39:29,DE3491,DE,4,3,4,"7,32",,80,,5,6,,,6,7,6,5,,,,,,,0,1,,,8,,,,4,,0,25,8,,1,1,1,,1,1
2021-12-21 12:36:09,2021-12-21 12:39:28,0,100,199,1,2021-12-21 12:39:30,DE2772,DE,4,1,3,,"7,30",,70,,,6,6,,,,,,4,6,4,4,,1,1,9,,,,1,,,,0,20,7,,1,3,0,45,1,2
2021-12-21 12:37:46,2021-12-21 12:40:56,0,100,189,1,2021-12-21 12:40:58,DE7290,DE,4,1,4,,"8,0",,60,,,6,6,,,,,,6,3,5,,2,1,1,4,,,,2,,,,0,15,7,,3,3,0,45,1,2
2021-12-21 13:07:18,2021-12-21 13:10:43,0,100,204,1,2021-12-21 13:10:44,DE3796,DE,4,2,3,,7,,70,,,5,5,,,,,,4,6,4,6,,1,1,5,,,,3,,,,0,30,0,CEO,1,1,0,57,1,2
2021-12-21 13:34:41,2021-12-21 13:39:13,0,100,272,1,2021-12-21 13:39:15,DE2486,DE,4,3,3,,,70,,4,4,,,4,4,4,,4,,,,,,1,1,4,,,,2,,,,0,30,5,,2,,0,55,2,1
2021-12-21 14:03:27,2021-12-21 14:09:25,0,100,357,1,2021-12-21 14:09:27,DE8244,DE,4,2,4,,7,,95,,,4,6,,,,,,4,3,6,,2,0,1,,,6,,,,3,,0,26,5,,1,1,0,52,1,2
2021-12-21 14:14:49,2021-12-21 14:18:21,0,100,212,1,2021-12-21 14:18:22,DE6794,DE,4,2,2,"7,23",,50,,4,5,,,5,4,3,5,,,,,,,1,1,2,,,,2,,,,0,20,7,,1,1,0,46,1,1
2021-12-21 14:27:51,2021-12-21 14:35:29,0,100,458,1,2021-12-21 14:35:29,DE2526,DE,4,2,4,"7,38",,80,,5,7,,,6,4,6,,2,,,,,,1,1,10,,,,7,,,,0,31,5,,1,3,0,58,1,1
2021-12-21 14:33:56,2021-12-21 14:40:03,0,100,366,1,2021-12-21 14:40:03,DE527,DE,4,3,,"7,25",,90,,5,5,,,5,6,4,4,,,,,,,1,1,0,40 mio,,,4,,,,0,45,0,geschäftaführender Gesellschafter,2,,,,1,1
2021-12-21 15:00:03,2021-12-21 15:07:10,0,100,426,1,2021-12-21 15:07:11,AT102,DE,4,2,2,,"6,4",,70,,,7,7,,,,,,5,6,5,,2,1,1,5,,,,2,,,,0,22,5,,1,3,1,,4,2
2021-12-21 16:07:16,2021-12-21 16:13:48,0,100,392,1,2021-12-21 16:13:50,DE379,DE,4,2,4,,"7,0",,95,,,5,5,,,,,,5,2,5,,2,1,1,3,,,,2,,,,0,29,1,,1,2,1,,2,2
2021-12-21 16:21:18,2021-12-21 16:25:10,0,100,231,1,2021-12-21 16:25:10,DE15,DE,4,1,4,"7,34",,80,,5,6,,,4,4,3,5,,,,,,,1,1,6,,,,2,,,,0,10,7,,2,1,0,33,1,1
2021-12-21 17:18:12,2021-12-21 17:21:51,0,100,219,1,2021-12-21 17:21:51,DE1043,DE,4,1,2,,"7,35",,40,,,4,7,,,,,,1,6,2,,4,1,1,6,,,,1,,,,0,30,7,,2,,0,61,1,2
2021-12-21 17:55:36,2021-12-21 17:59:24,0,100,228,1,2021-12-21 17:59:26,DE4555,DE,4,1,4,"7,45",,90,,5,5,,,5,3,4,,2,,,,,,0,1,,,8,,,,5,,0,25,0,CEO,2,2,0,58,1,1
2021-12-21 19:16:02,2021-12-21 19:47:12,0,100,1869,1,2021-12-21 19:47:14,DEPB2,DE,4,2,2,,"7,6",,80,,,5,2,,,,,,2,5,2,1,,1,1,6,,,,2,,,,0,35,7,,1,1,0,58,1,2
2021-12-22 08:18:02,2021-12-22 08:23:38,0,100,335,1,2021-12-22 08:23:38,DE6793,DE,4,3,3,"7,22",,80,,5,5,,,6,4,6,6,,,,,,,2,2,4,,,,2,,,,0,15,5,,1,3,0,53,2,1
2021-12-22 08:17:02,2021-12-22 08:24:39,0,100,456,1,2021-12-22 08:24:40,DE5352,DE,4,3,3,"7,32",,80,,5,5,,,6,2,6,,2,,,,,,0,1,,,6,,,,0,175,0,35,5,,1,1,0,60,1,1
2021-12-22 09:25:14,2021-12-22 09:29:16,0,100,242,1,2021-12-22 09:29:18,DE5018,DE,4,2,4,"7,4",,60,,6,4,,,6,6,6,6,,,,,,,1,1,0,4.400.000,,,0,52,,,0,35,0,Geschäftsführer,1,1,0,64,1,1
2021-12-22 09:56:44,2021-12-22 10:02:30,0,100,346,1,2021-12-22 10:02:30,DE3059,DE,4,1,4,,"8,20",,70,,,7,7,,,,,,2,3,2,7,,0,1,,,1,,,,1,,0,27,0,Geschäftsführer und Alleingesellschafter,1,1,0,52,1,2
2021-12-22 10:29:34,2021-12-22 10:34:51,0,100,316,1,2021-12-22 10:34:52,DE3074,DE,4,1,4,,8,,90,,,7,7,,,,,,4,5,4,,6,1,1,7,,,,3,,,,0,23,5,,1,4,0,42,1,2
2021-12-21 09:57:41,2021-12-22 11:53:32,0,100,93351,1,2021-12-22 11:53:32,DE5773,DE,4,2,2,,"6,50",,70,,,7,5,,,,,,6,3,6,,3,1,1,3,,,,2,,,,0,21,7,,1,1,0,49,2,2
2021-12-22 12:16:01,2021-12-22 12:24:05,0,100,483,1,2021-12-22 12:24:05,DE7554,DE,4,2,4,"7,26",,95,,7,5,,,5,4,5,4,,,,,,,1,1,7,,,,2,,,,0,15,0,Stellv. Leiter Controlling,2,2,0,42,1,1
2021-12-22 15:17:24,2021-12-22 15:21:38,0,100,253,1,2021-12-22 15:21:40,DE9269,DE,4,2,3,"7,30",,80,,7,5,,,4,6,6,,4,,,,,,1,1,3,,,,2,,,,0,28,7,,2,3,0,44,1,1
2021-12-22 15:33:32,2021-12-22 15:36:03,0,100,150,1,2021-12-22 15:36:04,DE9567,DE,4,3,4,"7,40",,95,,7,6,,,5,3,4,6,,,,,,,1,1,6,,,,3,,,,0,33,1,,1,1,0,58,1,1
2021-12-22 16:33:19,2021-12-22 16:38:50,0,100,331,1,2021-12-22 16:38:52,DE1384,DE,4,3,3,,"7,3",,70,,,7,7,,,,,,6,5,6,,6,0,1,,,7,,,,4,,0,39,7,,1,3,0,64,1,2
2021-12-22 17:05:34,2021-12-22 17:09:16,0,100,221,1,2021-12-22 17:09:17,DEPB28,DE,4,2,4,,"7,50",,80,,,5,3,,,,,,4,5,4,,1,0,0,,,10,,,,8,,0,20,0,Leiter Accounting,1,,0,49,1,2
2021-12-22 17:21:07,2021-12-22 17:25:46,0,100,278,1,2021-12-22 17:25:46,DEPB22,DE,4,3,3,,"7,3",,80,,,1,1,,,,,,5,6,5,5,,0,0,,,11,,,,9,,0,25,1,,1,1,0,51,1,2
2021-12-22 17:34:52,2021-12-22 17:38:57,0,100,244,1,2021-12-22 17:38:58,DEPB5,DE,4,2,4,"7,35",,95%,,5,3,,,4,6,5,,3,,,,,,1,1,7,,,,4,,,,0,17,0,Leitungsperson,2,3,0,44,1,1
2021-12-22 17:48:32,2021-12-22 17:53:08,0,100,275,1,2021-12-22 17:53:08,DEPB11,DE,4,1,4,,"7,50",,80,,,6,5,,,,,,5,3,5,2,,0,0,,,10,,,,9,,0,20,1,,1,1,0,46,1,2
2021-12-22 19:35:10,2021-12-22 19:39:44,0,100,274,1,2021-12-22 19:39:46,DEPB17,DE,4,1,3,,"7,30",,75,,,6,6,,,,,,5,7,5,,2,0,0,,,0,18.000.000.000,,,0,66.000,0,26,7,,1,1,0,55,1,2
2021-12-22 20:03:41,2021-12-22 20:08:37,0,100,296,1,2021-12-22 20:08:38,DEPB15,DE,4,1,3,"7,30",,80,,4,4,,,3,6,3,,1,,,,,,0,0,,,10,,,,10,,1,,2,,1,2,1,,1,1
2021-12-22 20:16:52,2021-12-22 20:19:29,0,100,157,1,2021-12-22 20:19:31,DEPB30,DE,4,1,4,"7,38",,80,,6,6,,,4,6,5,5,,,,,,,0,1,,,4,,,,2,,0,15,7,,2,2,0,40,1,1
2021-12-22 21:00:46,2021-12-22 21:05:34,0,100,288,1,2021-12-22 21:05:36,DEPB27,DE,4,1,4,"7,35",,90,,5,6,,,6,6,6,,3,,,,,,0,0,,,8,,,,3,,0,21,1,,1,1,0,48,1,1
2021-12-22 22:14:06,2021-12-22 22:19:50,0,100,343,1,2021-12-22 22:19:52,DEPB20,DE,4,3,4,"7,3",,80,,5,2,,,5,6,4,6,,,,,,,0,0,,,11,,,,9,,0,30,1,,1,1,0,59,1,1
2021-12-23 07:54:03,2021-12-23 08:03:15,0,100,551,1,2021-12-23 08:03:15,DEPB13,DE,4,1,3,,"7,30",,95,,,2,2,,,,,,7,7,7,,1,0,0,,,10,,,,0,20000,0,28,1,,1,1,0,55,1,2
2021-12-22 19:04:58,2021-12-23 08:22:32,0,100,47854,1,2021-12-23 08:22:32,DEPB24,DE,4,,4,"7,30",,100,,7,7,,,7,7,7,3,,,,,,,0,0,,,10,,,,9,,0,16,1,,1,1,0,41,1,1
2021-12-23 08:39:54,2021-12-23 08:45:11,0,100,316,1,2021-12-23 08:45:12,DEPB31,DE,4,2,4,"7,34",,90,,7,7,,,5,6,5,,4,,,,,,0,0,,,9,,,,5,,0,31,5,,1,1,0,57,1,1
2021-12-23 09:54:06,2021-12-23 09:58:38,0,100,272,1,2021-12-23 09:58:39,AT153,DE,4,2,3,"7,22",,80,,5,5,,,,3,2,,3,,,,,,1,1,6,,,,2,,,,0,30,0,Geschäftsführer,1,1,0,52,1,1
2021-12-23 18:12:17,2021-12-23 18:18:56,0,100,398,1,2021-12-23 18:18:56,DEPB9,DE,4,3,3,"7,35",,95,,1,4,,,7,4,5,3,,,,,,,0,0,,,12,,,,10,,0,25,8,,3,3,1,,4,1
2021-12-23 18:56:38,2021-12-24 03:54:23,0,100,32264,1,2021-12-24 03:54:24,DE4620,DE,4,2,2,,6,,50,,,5,5,,,,,,5,4,6,3,,1,1,9,,,,2,,,,0,20,7,,1,1,0,44,1,2
2021-12-25 11:42:38,2021-12-25 11:49:33,0,100,414,1,2021-12-25 11:49:33,AT55,DE,4,2,4,,7,,95,,,6,5,,,,,,5,6,5,,5,0,0,,,0,23.000.000.000,,,0,33.000,0,27,7,,1,2,0,52,1,2
2021-12-26 09:14:17,2021-12-26 09:20:18,0,100,360,1,2021-12-26 09:20:18,DE5565,DE,4,3,3,"7,30",,90,,7,7,,,3,7,3,7,,,,,,,1,1,0,28.228.256,,,0,206,,,0,39,0,Geschäftsführer,1,3,0,59,1,1
2021-12-27 10:25:31,2021-12-27 10:29:24,0,100,232,1,2021-12-27 10:29:26,DE8233,DE,4,2,4,,"7,30",,90,,,6,6,,,,,,2,4,2,6,,1,1,4,,,,2,,,,0,30,5,,1,3,0,57,1,2
2021-12-27 11:26:51,2021-12-27 11:35:21,0,100,509,1,2021-12-27 11:35:22,DE801,DE,4,2,2,,"8,50",,90,,,6,4,,,,,,3,5,3,,2,1,1,3,,,,0,98,,,0,38,7,,1,3,0,62,1,2
2021-12-27 12:03:09,2021-12-27 12:09:26,0,100,377,1,2021-12-27 12:09:27,DEPB10,DE,4,3,4,,"8,0",,95,,,5,6,,,,,,5,6,5,2,,0,0,,,9,,,,6,,0,32,1,,1,2,0,59,1,2
2021-12-28 13:56:36,2021-12-28 14:00:56,0,100,260,1,2021-12-28 14:00:58,AT106,DE,4,3,2,"7,35",,80,,5,6,,,4,3,6,2,,,,,,,1,1,4,,,,2,,,,0,35,5,,1,3,0,59,1,1
2021-12-29 12:35:02,2021-12-29 12:38:19,0,100,196,1,2021-12-29 12:38:20,DEPB29,DE,4,1,3,,"7,30",,75,,,2,5,,,,,,6,3,6,,2,0,0,,,9,,,,5,,0,30,7,,1,1,0,54,1,2
2021-12-29 17:53:17,2021-12-29 17:56:34,0,100,196,1,2021-12-29 17:56:34,DEPB19,DE,4,2,3,"7,30",,80,,3,6,,,6,7,6,3,,,,,,,0,0,,,11,,,,9,,0,22,1,,1,1,1,,1,1
2021-12-30 12:21:59,2021-12-30 12:26:58,0,100,298,1,2021-12-30 12:26:59,DE53,DE,4,2,3,,"6,40",,50,,,7,5,,,,,,4,6,5,,2,1,1,4,,,,2,,,,0,25,5,,1,1,0,54,1,2
2021-12-30 13:29:04,2021-12-30 13:33:09,0,100,245,1,2021-12-30 13:33:09,DEPB8,DE,4,2,4,,"7,50",,100,,,6,5,,,,,,6,7,2,7,,0,0,,,3,,,,7,,0,20,1,,1,1,0,44,2,2
2021-12-30 13:54:49,2021-12-30 14:01:44,0,100,415,1,2021-12-30 14:01:46,DE7835,DE,4,2,4,,7,,95,,,5,2,,,,,,5,7,5,,5,0,1,,,8,,,,4,,0,30,1,,1,,0,58,1,2
2022-01-03 12:49:43,2022-01-03 12:55:10,0,100,326,1,2022-01-03 12:55:11,DE7398,DE,4,3,2,,6,,60,,,3,5,,,,,,5,2,5,,1,1,1,4,,,,0,65,,,0,22,5,,1,3,0,56,1,2
2022-01-03 12:43:45,2022-01-03 13:18:58,0,100,2112,1,2022-01-03 13:18:59,DE4201,DE,4,3,3,,"7,10",,80,,,6,4,,,,,,3,5,3,5,,1,1,1,,,,1,,,,0,43,7,,2,1,0,63,1,2
2022-01-03 13:08:39,2022-01-03 13:22:45,0,100,845,1,2022-01-03 13:22:45,DE2977,DE,4,2,4,,"8,40",,90,,,6,2,,,,,,6,4,6,3,,0,1,,,8,,,,0,2.600,0,32,7,,2,1,0,58,1,2
2022-01-03 15:11:47,2022-01-03 15:17:32,0,100,345,1,2022-01-03 15:17:33,DE2624,DE,4,2,4,"7,33",,70,,5,5,,,5,4,6,,2,,,,,,0,1,,,8,,,,4,,0,5,2,,1,3,0,31,1,1
2022-01-04 10:47:14,2022-01-04 10:49:41,0,100,146,1,2022-01-04 10:49:41,DEPB16,DE,4,1,2,,"7,60",,90,,,7,5,,,,,,4,3,6,2,,0,0,,,11,,,,9,,0,18,1,,1,1,0,45,1,2
2022-01-04 17:20:34,2022-01-04 17:24:56,0,100,261,1,2022-01-04 17:24:57,DEPB32,DE,4,2,3,"7,33",,80,,5,4,,,5,6,4,,2,,,,,,0,0,,,10,,,,8,,0,30,1,,1,4,1,,1,1
2022-01-06 13:41:31,2022-01-06 13:44:41,0,100,190,1,2022-01-06 13:44:43,DEPB23,DE,4,2,4,,"7,5",,90,,,7,6,,,,,,3,5,4,3,,0,0,,,10,,,,7,,0,25,1,,1,1,0,49,1,2
2022-01-07 23:19:16,2022-01-07 23:23:24,0,100,247,1,2022-01-07 23:23:24,DE9619,DE,4,3,2,8,,30,,5,5,,,5,5,5,,3,,,,,,1,1,7,,,,3,,,,0,35,7,,1,2,0,63,1,1
2022-01-10 07:43:42,2022-01-10 07:50:28,0,100,406,1,2022-01-10 07:50:30,DE546,DE,4,3,2,,"9,2",,90,,,4,6,,,,,,6,3,6,5,,1,0,1,,,,1,,,,0,4,3,,3,3,0,27,2,2
2022-01-10 15:00:24,2022-01-10 15:41:44,0,100,2479,1,2022-01-10 15:41:46,DE5173,DE,4,2,3,"7,25",,80,,7,7,,,7,1,6,7,,,,,,,1,1,3,,,,2,,,,0,6,7,,1,1,0,33,1,1
2022-01-11 08:06:42,2022-01-11 08:14:59,0,100,497,1,2022-01-11 08:15:01,DE4748,DE,4,3,2,,"6,60",,80,,,6,5,,,,,,,,,2,,1,2,1,,,,1,,,,0,51,0,Inhaber,1,,0,67,,2
2022-01-11 08:14:16,2022-01-11 08:17:05,0,100,169,1,2022-01-11 08:17:07,DE5524,DE,4,2,4,,"9,00",,90,,,4,5,,,,,,4,5,5,,1,0,1,,,11,,,,4,,0,11,7,,1,1,0,32,1,2
2022-01-11 08:09:06,2022-01-11 08:17:36,0,100,510,1,2022-01-11 08:17:37,DE3406,DE,4,3,2,,"5,90",,40,,,6,6,,,,,,2,5,3,3,,1,1,10,,,,1,,,,0,35,7,,2,3,0,56,1,2
2022-01-11 08:13:59,2022-01-11 08:18:02,0,100,242,1,2022-01-11 08:18:02,DE1952,DE,4,2,4,,"8,00",,90,,,5,6,,,,,,5,7,1,6,,1,1,7,,,,0,130,,,0,20,0,Kfm. Leiter,1,1,0,45,1,2
2021-12-21 08:53:21,2022-01-11 08:19:28,0,100,1812367,1,2022-01-11 08:19:28,DE702,DE,4,2,3,,"7,00",,80,,,4,6,,,,,,5,5,4,,1,1,1,0,11.900.000,,,0,48,,,0,25,5,,1,,0,49,1,2
2022-01-11 08:14:37,2022-01-11 08:19:38,0,100,300,1,2022-01-11 08:19:38,DE4121,DE,4,3,4,,,95,,1,3,,,,,,,,,,,,,0,1,,,7,,,,3,,0,38,5,,1,1,0,59,1,1
2022-01-11 08:17:43,2022-01-11 08:20:34,0,100,171,1,2022-01-11 08:20:35,DE5190,DE,4,3,3,,,,,,,,,,,,,,4,4,4,4,,1,1,10,,,,,,,,0,25,8,,3,,1,,3,2
2022-01-11 08:14:46,2022-01-11 08:20:52,0,100,365,1,2022-01-11 08:20:52,DE7778,DE,4,2,3,,"8,15",,95,,,5,4,,,,,,6,5,6,,3,1,1,4,,,,2,,,,0,29,0,"kfm. Leiter für ReWe, Controlling, Finanzen",1,1,0,55,1,2
2022-01-11 08:15:37,2022-01-11 08:22:47,0,100,429,1,2022-01-11 08:22:47,DE8916,DE,4,2,4,"7,22",,80,,6,6,,,5,2,3,5,,,,,,,1,1,7,,,,3,,,,0,14,1,,1,2,0,34,1,1
2022-01-11 08:19:55,2022-01-11 08:24:30,0,100,274,1,2022-01-11 08:24:30,DE3737,DE,4,1,4,,"9,00",,90,,,2,3,,,,,,6,4,3,5,,1,1,9,,,,7,,,,0,35,8,,1,3,,,4,2
2021-12-21 16:16:53,2022-01-11 08:24:51,0,100,1786077,1,2022-01-11 08:24:52,DE1993,DE,4,3,3,,,,,,,,,,,,,,,,,,,2,1,10,,,,3,,,,0,40,7,,1,1,,,1,1
2022-01-11 08:22:24,2022-01-11 08:25:16,0,100,171,1,2022-01-11 08:25:16,DE4678,DE,4,1,3,"7,25",,90,,5,5,,,4,4,4,4,,,,,,,1,1,1,,,,1,,,,0,25,7,,1,1,0,47,1,1
2022-01-11 08:25:11,2022-01-11 08:28:22,0,100,191,1,2022-01-11 08:28:22,DE2032,DE,4,,2,"7,30",,90,,5,2,,,5,4,5,,4,,,,,,1,1,4,,,,2,,,,,,0,Geschäftsführender Gesellschafter,1,3,1,,1,1
2022-01-11 08:22:46,2022-01-11 08:31:37,0,100,530,1,2022-01-11 08:31:38,DE4176,DE,4,3,3,"7,30",,50,,7,1,,,,,,7,,,,,,,2,1,6,,,,2,,,,0,20,5,,1,1,0,46,1,1
2022-01-11 08:29:34,2022-01-11 08:33:05,0,100,210,1,2022-01-11 08:33:06,DE7618,DE,4,1,3,,7,,50,,,5,6,,,,,,4,4,6,,2,0,1,,,1,,,,2,,0,36,7,,1,1,0,54,1,2
2022-01-11 08:24:12,2022-01-11 08:33:11,0,100,539,1,2022-01-11 08:33:11,DE1768,DE,4,3,2,"7,19",,90,,3,5,,,5,5,2,6,,,,,,,1,1,3,,,,2,,,,0,31,0,kaufm. Leitung,1,3,0,55,2,1
2022-01-11 08:29:00,2022-01-11 08:33:56,0,100,296,1,2022-01-11 08:33:57,DE8469,DE,4,2,4,"7,38",,80,,6,6,,,7,3,6,7,,,,,,,0,1,,,7,,,,0,3000,0,30,3,,1,,0,55,1,1
2022-01-11 08:31:06,2022-01-11 08:35:58,0,100,291,1,2022-01-11 08:36:00,DE2984,DE,4,2,3,,7,,70,,,5,5,,,,,,5,4,5,,3,0,0,,,6,,,,2,,0,40,7,,1,1,0,62,1,2
2022-01-11 08:27:46,2022-01-11 08:36:15,0,100,508,1,2022-01-11 08:36:15,DE3857,DE,4,2,2,"7,22",,85,,5,5,,,5,2,6,,3,,,,,,1,0,,,,,2,,,,0,35,7,,1,1,0,57,1,1
2022-01-11 08:32:33,2022-01-11 08:38:26,0,100,352,1,2022-01-11 08:38:26,DE2415,DE,4,2,4,,"9,50",,80,,,6,6,,,,,,4,4,5,,1,1,1,1,,,,1,,,,0,35,7,,2,3,0,55,1,2
2022-01-11 08:37:02,2022-01-11 08:42:36,0,100,334,1,2022-01-11 08:42:38,DE5827,DE,4,3,2,,"7,00",,80,,,6,5,,,,,,4,5,4,,3,1,1,3,,,,2,,,,0,46,1,,1,3,0,62,1,2
2022-01-11 08:41:33,2022-01-11 08:46:00,0,100,267,1,2022-01-11 08:46:01,DE636,DE,4,2,2,,"6,40",,50,,,5,5,,,,,,2,3,3,,2,1,1,4,,,,2,,,,0,30,5,,1,3,0,54,1,2
2022-01-11 08:30:41,2022-01-11 08:46:22,0,100,941,1,2022-01-11 08:46:22,DE8199,DE,4,2,2,,9000000,,60,,,6,5,,,,,,4,4,4,4,,,2,10,,,,2,,,,0,36,0,technischer Geschäftsführer,2,2,0,63,1,2
2022-01-11 08:41:44,2022-01-11 08:46:27,0,100,282,1,2022-01-11 08:46:27,DE9363,DE,4,3,4,"7,38",,95,,6,3,,,6,3,6,6,,,,,,,2,2,3,,,,2,,,,0,30,7,,1,2,0,55,2,1
2022-01-11 08:50:03,2022-01-11 08:53:53,0,100,229,1,2022-01-11 08:53:54,DE2260,DE,4,3,2,"7,25",,50,,4,4,,,3,4,4,,5,,,,,,1,1,1,,,,2,,,,,,7,,4,3,,,1,1
2022-01-11 08:50:48,2022-01-11 08:55:59,0,100,311,1,2022-01-11 08:55:59,DE7769,DE,4,2,4,,"11,00",,80,,,7,7,,,,,,5,4,5,6,,0,1,,,3,,,,2,,0,20,7,,1,1,0,53,2,2
2022-01-11 08:16:47,2022-01-11 08:58:24,0,100,2497,1,2022-01-11 08:58:26,DE8997,DE,4,3,2,,7,,80,,,4,6,,,,,,3,6,2,,4,1,1,4,,,,2,,,,0,25,0,Geschäftsführer,2,3,0,57,1,2
2022-01-11 08:57:22,2022-01-11 09:00:46,0,100,203,1,2022-01-11 09:00:46,DE5671,DE,4,2,3,"7,30",,99,,6,2,,,1,7,2,7,,,,,,,1,1,4,,,,3,,,,1,,7,,1,1,1,,1,1
2022-01-11 08:52:47,2022-01-11 09:04:28,0,100,701,1,2022-01-11 09:04:29,DE2402,DE,4,3,2,,"7,50",,85,,,5,4,,,,,,5,7,6,,4,1,1,6,,,,3,,,,0,30,0,"Kaufm. Leiter, Prokurist ",1,1,0,60,1,2
2022-01-11 08:21:25,2022-01-11 09:05:22,0,100,2636,1,2022-01-11 09:05:22,DE5009,DE,4,3,4,"7,34",,85,,5,3,,,6,3,3,2,,,,,,,2,1,9,,,,2,,,,0,10,7,,1,1,0,32,1,1
2022-01-11 08:59:44,2022-01-11 09:05:56,0,100,372,1,2022-01-11 09:05:57,DE1047,DE,4,2,4,,"7,90",,75,,,6,3,,,,,,2,4,2,5,,1,1,0,"17.721.101,92",,,0,116,,,0,36,5,,1,3,0,53,1,2
2022-01-11 09:05:51,2022-01-11 09:08:28,0,100,157,1,2022-01-11 09:08:29,DE678,DE,4,3,2,,7,,66,,,3,4,,,,,,3,5,2,,2,1,1,3,,,,2,,,,0,15,7,,3,3,0,44,1,2
2022-01-11 09:09:22,2022-01-11 09:17:35,0,100,493,1,2022-01-11 09:17:36,DE7745,DE,4,1,3,"6,96",,80,,7,3,,,5,4,3,6,,,,,,,0,1,,,6,,,,4,,0,15,7,,1,1,0,41,1,1
2022-01-11 09:09:33,2022-01-11 09:18:37,0,100,544,1,2022-01-11 09:18:39,DE6991,DE,4,3,4,,8,,80,,,6,5,,,,,,4,3,5,,2,1,1,4,,,,2,,,,0,18,7,,1,1,0,43,1,2
2022-01-11 09:15:42,2022-01-11 09:19:51,0,100,249,1,2022-01-11 09:19:53,DE3590,DE,4,1,4,"8,00",,90,,4,4,,,6,4,6,,4,,,,,,1,1,7,,,,3,,,,0,28,7,,1,1,0,56,1,1
2022-01-11 09:17:18,2022-01-11 09:22:10,0,100,292,1,2022-01-11 09:22:11,DE1013,DE,4,1,2,,"6,00",,10,,,6,6,,,,,,3,5,3,,3,1,1,3,,,,0,85,,,0,14,7,,1,1,0,38,2,2
2022-01-11 09:14:47,2022-01-11 09:22:32,0,100,464,1,2022-01-11 09:22:32,DE5944,DE,4,3,3,,"7,5",,90,,,2,2,,,,,,6,3,4,3,,1,1,4,,,,2,,,,0,40,7,,1,1,0,69,1,2
2022-01-11 09:17:22,2022-01-11 09:23:49,0,100,386,1,2022-01-11 09:23:49,DE6085,DE,4,2,4,7,,85,,6,7,,,3,4,5,,3,,,,,,1,1,4,,,,2,,,,0,42,1,,1,3,0,60,1,1
2022-01-11 09:28:03,2022-01-11 09:31:28,0,100,204,1,2022-01-11 09:31:29,DE4978,DE,4,2,4,"7,52",,75,,7,7,,,5,3,4,7,,,,,,,1,1,0,20600000,,,0,115,,,0,15,3,,1,1,0,41,1,1
2022-01-11 09:29:17,2022-01-11 09:33:30,0,100,253,1,2022-01-11 09:33:32,DE4700,DE,4,2,3,"7,00",,60,,6,6,,,6,5,6,,2,,,,,,1,1,1,,,,2,,,,0,40,7,,2,2,0,67,1,1
2022-01-11 09:30:09,2022-01-11 09:34:39,0,100,269,1,2022-01-11 09:34:40,DE4783,DE,4,2,4,,8,,80,,,6,5,,,,,,,,,,,1,1,1,,,,0,36,,,,,8,,2,3,0,28,1,2
2022-01-11 09:28:43,2022-01-11 09:34:40,0,100,356,1,2022-01-11 09:34:40,DE6133,DE,4,3,2,,"7,50",,80,,,5,6,,,,,,2,6,6,6,,1,1,9,,,,2,,,,0,30,5,,2,3,0,55,2,2
2022-01-11 09:28:25,2022-01-11 09:37:26,0,100,541,1,2022-01-11 09:37:26,DE4252,DE,4,3,4,,"7,40",,85,,,6,5,,,,,,2,5,4,,2,1,1,7,,,,3,,,,1,,5,,1,1,1,,4,2
2022-01-11 09:33:31,2022-01-11 09:37:39,0,100,247,1,2022-01-11 09:37:40,DE6817,DE,4,2,4,,"8,5",,80,,,5,6,,,,,,6,5,2,,5,1,1,6,,,,3,,,,0,18,7,,2,1,0,37,1,2
2022-01-11 09:32:24,2022-01-11 09:40:26,0,100,481,1,2022-01-11 09:40:26,DE8310,DE,4,2,4,"7,32",,90,,5,5,,,4,5,3,,5,,,,,,1,1,4,,,,3,,,,0,30,1,,1,3,0,57,1,1
2022-01-11 08:29:06,2022-01-11 09:43:21,0,100,4455,1,2022-01-11 09:43:23,DE3992,DE,4,3,2,,7,,70,,,4,4,,,,,,4,4,4,4,,0,1,,,0,125000000,,,3,,0,23,5,,1,3,1,,1,2
2022-01-11 09:39:59,2022-01-11 09:44:51,0,100,292,1,2022-01-11 09:44:51,DE1052,DE,4,1,2,,"6,50",,80,,,4,3,,,,,,5,3,1,5,,0,1,,,9,,,,,,0,44,7,,1,2,0,59,2,2
2022-01-11 09:50:40,2022-01-11 09:54:06,0,100,206,1,2022-01-11 09:54:08,DE6264,DE,4,2,2,"7,22",,80,,7,7,,,4,4,4,4,,,,,,,1,1,6,,,,3,,,,0,47,1,,1,3,0,64,1,1
2022-01-11 09:50:23,2022-01-11 09:54:20,0,100,236,1,2022-01-11 09:54:21,DE2529,DE,4,2,4,,"8,10",,90,,,5,4,,,,,,3,6,3,,1,1,1,3,,,,2,,,,0,15,2,,1,3,0,40,2,2
2022-01-11 09:39:37,2022-01-11 09:54:29,0,100,892,1,2022-01-11 09:54:30,DE1436,DE,4,2,4,7,,80,,4,6,,,5,3,5,,3,,,,,,0,1,,,7,,,,4,,0,49,7,,1,2,0,63,1,1
2022-01-11 09:47:38,2022-01-11 09:54:55,0,100,436,1,2022-01-11 09:54:55,DE890,DE,4,3,3,,"6,5",,80,,,4,6,,,,,,4,5,4,5,,1,1,2,,,,2,,,,0,30,7,,2,2,1,,1,2
2022-01-11 09:58:08,2022-01-11 10:00:41,0,100,153,1,2022-01-11 10:00:41,DE5931,DE,4,3,3,,7,,80,,,7,6,,,,,,1,2,4,2,,2,1,10,,,,7,,,,1,,1,,1,1,1,,1,2
2022-01-11 09:59:15,2022-01-11 10:04:22,0,100,306,1,2022-01-11 10:04:23,DE4576,DE,4,3,2,"7,30",,60,,5,1,,,5,7,3,1,,,,,,,1,1,3,,,,1,,,,0,50,7,,1,1,0,75,1,1
2022-01-11 09:22:09,2022-01-11 10:05:21,0,100,2592,1,2022-01-11 10:05:22,DE6926,DE,4,3,4,,"8,50",,80,,,6,5,,,,,,3,1,2,,1,1,1,3,,,,2,,,,0,40,5,,1,3,0,64,1,2
2022-01-11 10:02:18,2022-01-11 10:05:29,0,100,190,1,2022-01-11 10:05:29,DE4778,DE,4,1,2,"7,3",,50,,4,6,,,7,5,4,,6,,,,,,1,1,3,,,,,,,,0,31,7,,2,,0,59,1,1
2022-01-11 10:03:37,2022-01-11 10:07:21,0,100,224,1,2022-01-11 10:07:22,AT95,DE,4,1,2,,10,,0,,,7,7,,,,,,4,2,2,2,,1,1,3,,,,0,125,,,0,30,1,,1,1,0,51,1,2
2022-01-10 10:30:18,2022-01-11 10:08:06,0,100,85067,1,2022-01-11 10:08:06,DE3327,DE,4,1,3,"7,35",,75,,4,2,,,4,2,4,,5,,,,,,1,1,9,,,,2,,,,0,32,7,,2,2,0,62,1,1
2022-01-11 10:04:37,2022-01-11 10:08:47,0,100,250,1,2022-01-11 10:08:47,DE3877,DE,4,3,4,,"7,50",,80,,,5,5,,,,,,4,4,4,,4,1,1,4,,,,1,,,,0,40,7,,2,,0,63,2,2
2022-01-11 10:06:12,2022-01-11 10:11:44,0,100,332,1,2022-01-11 10:11:46,DE1335,DE,4,2,2,,7,,85,,,5,6,,,,,,6,3,4,4,,1,1,4,,,,1,,,,0,15,7,,2,1,0,43,1,2
2022-01-11 10:14:15,2022-01-11 10:17:27,0,100,191,1,2022-01-11 10:17:28,DE6419,DE,4,1,2,"7,30",,95,,5,5,,,5,2,3,,2,,,,,,1,1,4,,,,2,,,,0,30,7,,1,1,0,56,1,1
2022-01-11 10:14:28,2022-01-11 10:18:06,0,100,217,1,2022-01-11 10:18:06,DE7105,DE,4,2,4,,"7,30",,100,,,7,7,,,,,,4,5,4,5,,1,1,10,,,,7,,,,0,10,5,,1,3,0,33,1,2
2022-01-11 10:24:48,2022-01-11 10:31:43,0,100,414,1,2022-01-11 10:31:44,DE675,DE,4,2,4,,7,,70,,,4,3,,,,,,3,5,4,5,,1,1,0,32000000,,,2,,,,0,36,0,Geschäftsführer,1,3,0,52,1,2
2022-01-11 10:29:29,2022-01-11 10:33:34,0,100,244,1,2022-01-11 10:33:35,DE3684,DE,4,1,4,,"7,50",,10,,,6,3,,,,,,4,4,4,,4,1,1,8,,,,2,,,,0,25,7,,1,1,0,51,1,2
2022-01-11 10:28:51,2022-01-11 10:35:44,0,100,413,1,2022-01-11 10:35:44,DE3426,DE,4,2,2,"7,22",,90,,,6,,,6,6,4,,6,,,,,,1,1,3,,,,2,,,,0,11,0,Geschäftsführung,2,,0,57,2,1
2022-01-11 10:36:30,2022-01-11 10:40:37,0,100,247,1,2022-01-11 10:40:39,DE1796,DE,4,2,4,"7,3",,80,,6,6,,,5,5,5,5,,,,,,,0,1,,,5,,,,2,,0,20,7,,1,1,0,40,1,1
2021-12-21 11:25:04,2022-01-11 10:47:19,0,100,1812135,1,2022-01-11 10:47:19,DE9087,DE,4,3,4,,"7,90",,100,,,5,5,,,,,,5,5,2,2,,0,0,,,9,,,,6,,0,42,7,,1,3,0,59,1,2
2022-01-11 08:18:12,2022-01-11 10:51:19,0,100,9187,1,2022-01-11 10:51:19,DE1638,DE,4,1,2,500000,,25,,3,4,,,5,4,4,,3,,,,,,1,1,3,,,,2,,,,1,,1,,1,1,1,,1,1
2022-01-11 10:52:30,2022-01-11 10:55:17,0,100,166,1,2022-01-11 10:55:19,DE8689,DE,4,1,,,,,,,,,,,,,,,,,,,,,,,,,,,,,,,,,,,,,,,2
2022-01-11 10:44:03,2022-01-11 10:55:27,0,100,683,1,2022-01-11 10:55:28,DE1635,DE,4,1,3,,"6,40",,90,,,7,4,,,,,,5,4,6,,2,1,1,4,,,,2,,,,0,30,5,,1,1,0,59,2,2
2022-01-11 10:54:16,2022-01-11 11:03:58,0,100,581,1,2022-01-11 11:03:58,DE5737,DE,4,3,4,,7,,50,,,5,5,,,,,,1,7,3,,3,1,1,0,2700000,,,0,25,,,0,30,1,,1,3,0,58,2,2
2022-01-11 10:59:38,2022-01-11 11:05:21,0,100,342,1,2022-01-11 11:05:23,DE3673,DE,4,1,2,,"7,50",,95,,,6,7,,,,,,5,4,5,3,,1,1,5,,,,2,,,,0,38,7,,1,,0,56,1,2
2022-01-11 11:03:07,2022-01-11 11:08:47,0,100,339,1,2022-01-11 11:08:48,DE288,DE,4,3,2,"7,25",,80,,7,2,,,6,3,6,,2,,,,,,1,1,6,,,,3,,,,0,7,1,,1,4,0,28,1,1
2022-01-11 11:10:20,2022-01-11 11:14:17,0,100,237,1,2022-01-11 11:14:18,DE3985,DE,4,3,3,,7,,80,,,5,5,,,,,,5,4,5,,3,2,2,9,,,,0,165,,,0,2,5,,2,3,0,45,1,2
2022-01-11 11:33:15,2022-01-11 11:38:25,0,100,310,1,2022-01-11 11:38:27,DE765,DE,4,3,2,"7,25",,80,,5,2,,,5,5,5,,2,,,,,,0,1,,,11,,,,3,,0,25,5,,1,1,0,45,1,1
2022-01-11 11:36:35,2022-01-11 11:39:57,0,100,201,1,2022-01-11 11:39:58,DE5493,DE,4,2,3,,"7,20",,95,,,5,6,,,,,,4,4,4,,4,1,1,4,,,,2,,,,0,32,7,,1,4,0,50,1,2
2022-01-11 11:35:21,2022-01-11 11:40:41,0,100,319,1,2022-01-11 11:40:42,DE6238,DE,4,3,3,,7,,80,,,5,5,,,,,,3,3,3,,3,0,1,,,4,,,,4,,0,3 6,7,,1,3,0,62,1,2
2022-01-11 11:48:58,2022-01-11 11:59:58,0,100,659,1,2022-01-11 11:59:59,DE7744,DE,4,3,2,6,,35,,3,3,,,2,2,4,,3,,,,,,1,1,6,,,,2,,,,0,35,3,,3,3,0,59,1,1
2022-01-11 12:02:00,2022-01-11 12:07:00,0,100,300,1,2022-01-11 12:07:00,DE3140,DE,4,2,3,"6,80",,70,,6,4,,,5,6,5,6,,,,,,,0,1,,,6,,,,3,,0,24,0,CEO,2,1,0,48,1,1
2022-01-11 12:10:57,2022-01-11 12:13:42,0,100,165,1,2022-01-11 12:13:42,DE6569,DE,4,2,4,"7,30",,100,,5,7,,,7,4,6,,3,,,,,,1,1,4,,,,3,,,,0,22,7,,1,1,0,41,1,1
2022-01-11 12:02:38,2022-01-11 12:14:38,0,100,719,1,2022-01-11 12:14:38,DE6023,DE,4,2,2,"7,25",,75,,6,2,,,5,4,6,,4,,,,,,1,1,4,,,,2,,,,0,11,7,,2,1,0,40,1,1
2022-01-11 10:05:08,2022-01-11 12:16:33,0,100,7885,1,2022-01-11 12:16:33,DE1980,DE,4,,3,,,,90,,,6,5,,,,,,3,1,4,,2,2,1,2,,,,7,,,,0,20,7,,2,3,0,40,1,2
2022-01-11 12:10:04,2022-01-11 12:34:15,0,100,1450,1,2022-01-11 12:34:17,DE2372,DE,4,2,4,,"7,50",,95,,,5,5,,,,,,3,5,2,,3,1,1,1,,,,1,,,,1,,8,,2,3,0,56,4,2
2022-01-11 12:44:56,2022-01-11 12:48:43,0,100,227,1,2022-01-11 12:48:43,DE6521,DE,4,3,4,,"7,00",,70,,,6,6,,,,,,5,6,4,3,,2,2,10,,,,7,,,,0,15,8,,2,4,1,,1,2
2022-01-11 12:48:52,2022-01-11 12:54:08,0,100,316,1,2022-01-11 12:54:10,DE722,DE,4,2,4,"7,30",,90,,6,4,,,5,6,5,,2,,,,,,0,1,,,8,,,,3,,0,20,7,,1,1,,,1,1
2022-01-11 13:05:34,2022-01-11 13:15:48,0,100,614,1,2022-01-11 13:15:48,AT243,DE,4,3,4,,"7,50",,90,,,5,5,,,,,,4,5,4,,3,2,1,6,,,,3,,,,0,25,7,,1,,0,59,2,2
2022-01-11 12:48:05,2022-01-11 13:21:19,0,100,1994,1,2022-01-11 13:21:20,DE4855,DE,4,2,4,,"7,60",,99,,,6,6,,,,,,4,6,5,,3,1,0,8,,,,0,1600,,,0,37,7,,1,3,0,58,1,2
2022-01-11 12:42:17,2022-01-11 13:25:37,0,100,2599,1,2022-01-11 13:25:38,DE9370,DE,4,3,4,,,,,,,,,,,,,,,,,,,,,,,,,,,,,,,,,,,,,,1
2022-01-11 13:32:18,2022-01-11 13:44:58,0,100,760,1,2022-01-11 13:45:00,DE4327,DE,4,2,4,,8,,70,,,6,4,,,,,,5,5,6,,4,1,1,4,,,,0,213,,,0,35,0,Geschäftsführer,1,3,0,65,1,2
2022-01-11 14:06:12,2022-01-11 14:10:47,0,100,275,1,2022-01-11 14:10:49,DE1961,DE,4,2,3,"7,40",,30,,5,5,,,4,5,3,4,,,,,,,1,1,9,,,,3,,,,1,,2,,1,3,,,4,1
2022-01-11 09:08:48,2022-01-11 14:14:15,0,100,18327,1,2022-01-11 14:14:15,DE340,DE,4,2,3,,7,,80,,,5,5,,,,,,6,5,7,5,,1,1,9,,,,2,,,,1,,8,,2,3,0,50,1,2
2022-01-11 14:18:25,2022-01-11 14:23:29,0,100,303,1,2022-01-11 14:23:29,DE8652,DE,4,3,3,,7.0,,50,,,4,4,,,,,,4,2,3,,2,1,1,1,,,,1,,,,0,40,7,,3,1,,,1,2
2022-01-11 14:25:02,2022-01-11 14:31:26,0,100,383,1,2022-01-11 14:31:27,AT249,DE,4,3,3,,"7,3",,80,,,5,6,,,,,,3,5,3,,3,1,1,5,,,,2,,,,0,30,1,,1,2,0,57,1,2
2022-01-11 14:21:25,2022-01-11 14:32:47,0,100,682,1,2022-01-11 14:32:47,DE77,DE,4,2,4,"7,30",,80,,4,3,,,6,2,5,3,,,,,,,1,1,1,,,,2,,,,0,26,0,Kaufmännischer Leiter/Prokurist,2,3,0,50,1,1
2022-01-11 14:34:40,2022-01-11 14:44:22,0,100,582,1,2022-01-11 14:44:24,DE5850,DE,4,3,3,"7,30",,75,,5,4,,,6,4,5,,3,,,,,,1,1,4,,,,2,,,,0,35,5,,1,1,1,,1,1
2022-01-11 14:49:58,2022-01-11 14:54:50,0,100,291,1,2022-01-11 14:54:51,DE6283,DE,4,2,4,,"7,50",,90,,,4,2,,,,,,2,6,4,,5,0,1,,,9,,,,4,,0,40,7,,2,,0,67,1,2
2022-01-11 15:01:32,2022-01-11 15:17:37,0,100,964,1,2022-01-11 15:17:39,DE6652,DE,4,2,4,,7,,90,,,6,5,,,,,,4,7,4,,2,0,1,,,6,,,,3,,0,30,5,,1,1,0,54,1,2
2022-01-11 15:18:58,2022-01-11 15:25:24,0,100,386,1,2022-01-11 15:25:24,DE4669,DE,4,2,4,"7,38",,80,,5,4,,,4,3,5,,3,,,,,,0,1,,,8,,,,4,,0,30,5,,1,1,0,58,1,1
2021-12-21 10:17:12,2022-01-11 15:30:57,0,100,1833224,1,2022-01-11 15:30:59,DE1045,DE,4,2,3,"7,50",,30,,5,3,,,5,6,5,5,,,,,,,0,1,,,7,,,,3,,0,10,3,,2,2,0,35,1,1
2022-01-11 15:22:54,2022-01-11 15:32:18,0,100,564,1,2022-01-11 15:32:20,DE363,DE,4,2,3,,"7,50",,75,,,7,4,,,,,,2,6,3,5,,1,1,4,,,,1,,,,1,,8,,2,2,1,,1,2
2022-01-11 15:36:48,2022-01-11 15:43:28,0,100,400,1,2022-01-11 15:43:29,DE1896,DE,4,3,4,,"6,70",,80,,,3,5,,,,,,2,2,5,,2,2,1,4,,,,2,,,,0,25,7,,1,1,0,52,1,2
2022-01-11 15:44:43,2022-01-11 15:53:23,0,100,519,1,2022-01-11 15:53:25,DE7134,DE,4,2,2,"7,25",,70,,3,6,,,6,4,6,3,,,,,,,0,1,,,0,"340.430.322,07",,,0,1.970,0,4,4,,2,3,0,30,1,1
2022-01-11 15:57:24,2022-01-11 16:03:30,0,100,365,1,2022-01-11 16:03:31,DE4044,DE,4,3,2,,"6,40",,100,,,6,6,,,,,,2,3,5,,6,1,0,9,,,,1,,,,0,45,8,,2,2,1,,1,2
2022-01-11 16:01:25,2022-01-11 16:06:00,0,100,274,1,2022-01-11 16:06:00,DE7507,DE,4,2,3,"7,40",,90,,6,4,,,5,5,5,6,,,,,,,1,1,6,,,,3,,,,0,25,0,kaufmännischer Leiter,2,1,0,56,1,1
2022-01-11 16:12:19,2022-01-11 16:16:55,0,100,275,1,2022-01-11 16:16:56,DE5974,DE,4,1,4,,"8,20",,100,,,7,1,,,,,,4,7,2,7,,0,0,,,6,,,,3,,0,40,7,,1,,0,62,1,2
2022-01-11 16:16:56,2022-01-11 16:21:43,0,100,286,1,2022-01-11 16:21:44,DE9069,DE,4,2,4,,8,,90,,,4,4,,,,,,6,4,4,,3,1,1,1,,,,1,,,,0,30,0,Geschäftsführender Gesellschafter,1,4,0,59,1,2
2022-01-11 16:36:28,2022-01-11 16:39:29,0,100,181,1,2022-01-11 16:39:30,DE4292,DE,4,2,2,"7,30",,90,,6,6,,,5,3,5,3,,,,,,,1,1,1,,,,1,,,,0,25,7,,1,3,0,62,1,1
2022-01-11 17:28:28,2022-01-11 17:33:40,0,100,311,1,2022-01-11 17:33:40,DE4710,DE,4,3,3,,"7,35",,50,,,2,2,,,,,,3,5,3,,5,0,1,,,9,,,,2,,1,,8,,4,4,,,1,2
2022-01-11 17:56:50,2022-01-11 18:01:08,0,100,257,1,2022-01-11 18:01:10,DE24,DE,4,1,2,"7,25",,50,,6,2,,,6,4,4,6,,,,,,,1,1,3,,,,1,,,,0,30,7,,1,1,0,60,1,1
2022-01-11 20:09:37,2022-01-11 20:14:25,0,100,287,1,2022-01-11 20:14:27,DE1823,DE,4,3,4,,8,,90,,,5,,,,,,,5,6,5,,3,2,2,10,,,,7,,,,0,30,8,,4,4,1,,4,2
2022-01-12 08:23:25,2022-01-12 08:29:38,0,100,372,1,2022-01-12 08:29:39,DE8422,DE,4,3,4,,"7,50",,80,,,5,3,,,,,,3,5,3,6,,0,1,,,3,,,,0,102,0,20,0,CEO,1,1,0,48,1,2
2022-01-12 09:04:06,2022-01-12 09:16:02,0,100,716,1,2022-01-12 09:16:03,DE8476,DE,4,3,3,,"7,3",,100,,,5,3,,,,,,6,4,4,,,1,1,1,,,,2,,,,0,4,3,,2,1,0,29,,2
2022-01-12 09:10:25,2022-01-12 09:18:41,0,100,496,1,2022-01-12 09:18:42,DE8196,DE,4,2,4,,"8,00",,95,,,5,3,,,,,,5,3,5,2,,0,1,,,4,,,,2,,0,15,7,,1,2,0,36,1,2
2022-01-12 10:13:51,2022-01-12 10:19:01,0,100,310,1,2022-01-12 10:19:03,DE3977,DE,4,3,4,8,,50,,7,4,,,4,3,4,7,,,,,,,0,1,,,7,,,,3,,0,32,7,,2,1,0,57,1,1
2022-01-12 10:02:50,2022-01-12 10:22:12,0,100,1162,1,2022-01-12 10:22:14,DE4324,DE,4,2,2,,,,,4,4,,,5,4,5,,4,,,,,,1,2,6,,,,3,,,,,,6,,2,,1,,2,1
2022-01-12 10:36:15,2022-01-12 10:40:52,0,100,277,1,2022-01-12 10:40:54,DE1278,DE,4,3,3,,100000,,80,,,3,2,,,,,,,,,,,1,1,1,,,,2,,,,1,,8,,4,4,,,4,2
2022-01-12 11:33:55,2022-01-12 11:38:58,0,100,302,1,2022-01-12 11:38:59,DE7334,DE,4,2,4,"7,50",,50,,2,6,,,5,5,3,5,,,,,,,1,1,6,,,,2,,,,0,36,0,Geschäftsführer,1,1,0,62,1,1
2022-01-12 12:02:06,2022-01-12 12:07:28,0,100,321,1,2022-01-12 12:07:30,DE171,DE,4,2,3,,"7,6",,80,,,7,1,,,,,,4,6,4,,2,0,1,,,4,,,,2,,1,,3,,4,4,1,,4,2
2022-01-12 12:06:23,2022-01-12 12:10:33,0,100,249,1,2022-01-12 12:10:34,DE7117,DE,4,2,4,,"7,30",,90,,,7,5,,,,,,5,5,7,,3,1,1,3,,,,2,,,,0,20,7,,2,1,,,1,2
2022-01-12 13:03:29,2022-01-12 13:09:30,0,100,360,1,2022-01-12 13:09:31,DE1280,DE,4,3,3,"7,40",,95,,5,5,,,3,6,3,5,,,,,,,1,1,2,,,,2,,,,0,35,7,,2,3,0,65,1,1
2022-01-12 13:27:33,2022-01-12 13:34:48,0,100,435,1,2022-01-12 13:34:50,DE59,DE,4,3,4,,"8,20",,95,,,6,3,,,,,,2,6,6,4,,1,1,7,,,,0,25,,,0,24,0,Prokuristin,2,3,0,43,2,2
2022-01-12 12:26:54,2022-01-12 13:44:36,0,100,4661,1,2022-01-12 13:44:37,DE5055,DE,4,2,4,"7,5",,60,,3,3,,,6,4,2,,1,,,,,,1,1,3,,,,2,,,,0,10,3,,2,1,1,,1,1
2022-01-12 14:04:52,2022-01-12 14:11:36,0,100,403,1,2022-01-12 14:11:39,DE5510,DE,4,2,3,"7,5",,90,,7,7,,,6,4,1,,4,,,,,,1,,4,,,,2,,,,0,30,0,Senior Geschäftsführer,2,,0,64,1,1
2022-01-12 14:30:57,2022-01-12 14:36:45,0,100,347,1,2022-01-12 14:36:46,DE6640,DE,4,3,4,"7,22",,75,,7,7,,,6,3,6,7,,,,,,,1,1,1,,,,1,,,,0,20,7,,1,1,0,46,1,1
2022-01-12 14:39:13,2022-01-12 14:44:30,0,100,316,1,2022-01-12 14:44:31,DE5907,DE,4,,,,,,,,,,,,,,,,,,,,,,,,,,,,,,,,,,,,,,,,2
2022-01-12 15:11:12,2022-01-12 15:16:18,0,100,305,1,2022-01-12 15:16:18,DE8294,DE,4,2,2,"7,40",,70,,5,4,,,6,5,3,,4,,,,,,1,1,5,,,,0,192,,,0,44,1,,1,3,0,61,2,1
2022-01-12 15:23:12,2022-01-12 15:26:53,0,100,221,1,2022-01-12 15:26:55,DE17,DE,4,1,4,"7,30",,100,,6,4,,,3,5,3,,3,,,,,,1,1,9,,,,4,,,,0,6,8,,2,2,1,,4,1
2022-01-12 15:53:02,2022-01-12 15:58:09,0,100,307,1,2022-01-12 15:58:10,DE1800,DE,4,2,4,,"5,9",,65,,,4,6,,,,,,2,3,4,4,,0,1,,,6,,,,3,,0,25,7,,1,3,0,53,1,2
2022-01-12 16:27:14,2022-01-12 16:31:23,0,100,249,1,2022-01-12 16:31:24,DE83,DE,4,1,2,,8,,80,,,6,4,,,,,,3,1,3,2,,1,1,6,,,,2,,,,0,15,7,,2,1,0,44,1,2
2022-01-12 16:58:18,2022-01-12 17:04:03,0,100,344,1,2022-01-12 17:04:03,DE5858,DE,4,3,3,,"7,50",,75,,,5,5,,,,,,3,5,3,,2,1,1,0,2000000,,,0,12,,,0,35,7,,1,3,0,55,1,2
2022-01-12 17:17:04,2022-01-12 17:22:31,0,100,327,1,2022-01-12 17:22:33,DE7137,DE,4,2,4,,9,,100,,,5,5,,,,,,4,2,3,5,,2,1,6,,,,2,,,,0,31,3,,2,4,1,,1,2
2022-01-13 07:43:38,2022-01-13 07:49:11,0,100,333,1,2022-01-13 07:49:13,DE9527,DE,4,1,4,"7,5",,70,,3,6,,,5,4,5,6,,,,,,,0,1,,,4,,,,3,,0,25,3,,1,1,0,52,1,1
2022-01-13 07:40:24,2022-01-13 07:54:57,0,100,873,1,2022-01-13 07:54:59,DE5413,DE,4,2,3,"7,33",,70,,5,5,,,5,4,5,,3,,,,,,1,1,3,,,,2,,,,0,32,3,,1,3,0,55,1,1
2022-01-13 09:07:04,2022-01-13 09:22:01,0,100,896,1,2022-01-13 09:22:01,DE362,DE,4,2,3,"7,30",,75,,5,3,,,4,2,3,2,,,,,,,1,1,4,,,,2,,,,,,0,Assistentin d. GF,3,3,0,52,2,1
2022-01-13 10:23:32,2022-01-13 10:29:11,0,100,338,1,2022-01-13 10:29:12,DE2936,DE,4,2,2,"7,36",,80,,6,2,,,5,2,6,5,,,,,,,1,1,10,,,,2,,,,0,24,7,,2,1,0,43,2,1
2022-01-13 11:32:45,2022-01-13 11:41:18,0,100,513,1,2022-01-13 11:41:18,DE2186,DE,4,2,2,"7,35",,90,,5,5,,,4,6,4,,4,,,,,,1,2,3,,,,2,,,,0,19,7,,2,3,1,,1,1
2022-01-13 11:37:01,2022-01-13 11:43:02,0,100,361,1,2022-01-13 11:43:03,DE6459,DE,4,2,2,,"9,0",,80,,,5,5,,,,,,5,5,1,,5,1,1,4,,,,2,,,,0,43,1,,1,2,,,1,2
2022-01-13 16:54:32,2022-01-13 16:58:42,0,100,250,1,2022-01-13 16:58:44,DE9235,DE,4,3,4,"7,25",,66,,2,5,,,3,4,4,,6,,,,,,1,1,1,,,,1,,,,0,34,7,,2,3,0,58,1,1
2022-01-13 17:11:48,2022-01-13 17:16:23,0,100,275,1,2022-01-13 17:16:25,DE5919,DE,4,2,4,"7,35",,95,,2,4,,,4,7,3,,1,,,,,,0,1,,,7,,,,2,,0,25,7,,2,3,0,41,1,1
2022-01-11 11:10:37,2022-01-13 17:36:41,0,100,195963,1,2022-01-13 17:36:42,DE1292,DE,4,1,3,"7,38",,50,,3,4,,,5,4,4,5,,,,,,,1,1,1,,,,1,,,,0,50,0,Geschäftsführer,2,,0,74,1,1
2022-01-14 10:56:47,2022-01-14 11:12:40,0,100,952,1,2022-01-14 11:12:42,DE9348,DE,4,1,4,,,,,3,3,,,3,3,3,3,,,,,,,1,1,7,,,,3,,,,0,42,7,,1,3,1,,1,1
2022-01-14 13:22:25,2022-01-14 13:30:16,0,100,471,1,2022-01-14 13:30:18,DE2927,DE,4,3,2,"7,30",,90,,7,,,,5,2,2,,6,,,,,,1,1,10,,,,2,,,,1,,1,,2,2,,,2,1
2022-01-14 17:01:54,2022-01-14 17:12:09,0,100,615,1,2022-01-14 17:12:11,DE1880,DE,4,2,4,,,95,,4,2,,,4,6,4,4,,,,,,,1,1,7,,,,0,75,,,0,25,7,,1,1,0,60,1,1
2021-12-21 12:23:47,2022-01-15 21:25:54,0,100,2192526,1,2022-01-15 21:25:55,DE481,DE,4,3,2,,7,,70,,,4,6,,,,,,4,6,4,2,,1,1,0,23000000,,,2,,,,0,12,7,,2,1,0,36,1,2
2022-01-16 17:47:15,2022-01-16 17:54:48,0,100,453,1,2022-01-16 17:54:48,DE5916,DE,4,2,4,"6,22",,90,,5,3,,,3,2,2,4,,,,,,,1,,1,,,,1,,,,0,33,7,,1,,0,62,1,1
2022-01-16 17:35:34,2022-01-16 18:26:52,0,100,3078,1,2022-01-16 18:26:53,DE6127,DE,4,1,4,"7,30",,80,,5,6,,,4,6,4,,6,,,,,,1,1,10,,,,0,25,,,0,20,0,Geschäftsführer,2,2,0,47,1,1
2022-01-16 22:15:46,2022-01-16 22:19:02,0,100,196,1,2022-01-16 22:19:04,DE4166,DE,4,3,4,,"7,80",,95,,,6,6,,,,,,6,2,6,,3,1,1,3,,,,1,,,,0,9,1,,1,1,0,29,1,2
2022-01-17 07:51:47,2022-01-17 07:57:52,0,100,365,1,2022-01-17 07:57:54,DE5691,DE,4,2,4,"7,50",,70,,6,5,,,6,6,6,3,,,,,,,1,1,3,,,,0,130,,,0,39,1,,1,1,0,55,1,1
2022-01-17 09:53:41,2022-01-17 09:56:23,0,100,161,1,2022-01-17 09:56:24,DE1478,DE,4,1,4,,10,,50,,,3,3,,,,,,3,3,3,,3,1,1,1,,,,3,,,,0,35,7,,2,1,1,,1,2
2022-01-17 10:13:42,2022-01-17 10:17:35,0,100,233,1,2022-01-17 10:17:36,DE787,DE,4,2,3,,"8,00",,50,,,7,3,,,,,,5,6,6,3,,0,1,,,7,,,,4,,0,30,7,,2,1,0,56,1,2
2022-01-11 12:06:06,2022-01-17 14:53:24,0,100,528437,1,2022-01-17 14:53:26,DE512,DE,4,3,4,"7,75",,75,,3,3,,,3,2,3,4,,,,,,,1,1,3,,,,2,,,,0,39,1,,2,,0,64,2,1
2022-01-17 17:07:16,2022-01-17 17:13:58,0,100,402,1,2022-01-17 17:14:00,DEPB7,DE,4,2,4,,"8,65",,95,,,6,4,,,,,,6,2,6,7,,0,1,,,8,,,,4,,0,40,7,,2,1,0,65,1,2
2022-01-18 08:29:27,2022-01-18 08:33:21,0,100,234,1,2022-01-18 08:33:21,DE313,DE,4,3,3,"7,35",,85,,5,4,,,2,5,4,6,,,,,,,1,1,6,,,,2,,,,0,20,0,Geschäftsführung,2,2,1,,4,1
2022-01-11 11:08:32,2022-01-18 10:23:41,0,100,602109,1,2022-01-18 10:23:42,DE40,DE,4,3,4,,"7,30",,90,,,4,3,,,,,,4,6,4,5,,1,1,3,,,,2,,,,0,25,7,,1,1,0,62,1,2
2022-01-18 10:59:57,2022-01-18 11:01:14,0,100,77,1,2022-01-18 11:01:15,DE1930,DE,4,,,,,,,,,,,,,,,,,,,,,,,,,,,,,,,,,,,,,,,,2
2022-01-18 15:50:27,2022-01-18 15:55:17,0,100,289,1,2022-01-18 15:55:18,DE3871,DE,4,2,4,,"9,00",,90,,,6,7,,,,,,4,6,4,7,,0,1,,,7,,,,0,220,0,27,0,Geschäftsführender Gesellschafter,1,,0,52,1,2
2022-01-18 16:48:07,2022-01-18 16:52:16,0,100,248,1,2022-01-18 16:52:17,DE2208,DE,4,2,4,,7,,80,,,7,4,,,,,,3,4,1,2,,1,1,6,,,,2,,,,0,43,7,,1,1,0,62,1,2
2022-01-19 09:45:07,2022-01-19 09:49:17,0,100,249,1,2022-01-19 09:49:17,DE4339,DE,4,2,4,"7,38",,80,,6,6,,,4,6,5,,3,,,,,,0,1,,,7,,,,4,,0,25,7,,1,3,0,48,1,1
2022-01-17 16:46:51,2022-01-19 13:07:10,0,100,159619,1,2022-01-19 13:07:12,DE7599,DE,4,2,4,"7,46",,70,,5,6,,,4,5,4,6,,,,,,,2,1,6,,,,2,,,,0,30,7,,1,3,0,61,1,1
2022-01-19 15:11:11,2022-01-19 15:29:24,0,100,1092,1,2022-01-19 15:29:25,DE1376,DE,4,2,4,,7,,80,,,5,5,,,,,,4,7,4,7,,1,1,7,,,,2,,,,0,30,5,,1,,0,56,1,2
2022-01-20 12:01:13,2022-01-20 12:06:30,0,100,316,1,2022-01-20 12:06:30,DE9239,DE,4,2,4,,"8,20",,80,,,6,3,,,,,,4,3,4,,2,1,1,3,,,,2,,,,0,30,1,,1,3,0,51,1,2
2022-01-21 08:45:56,2022-01-21 08:49:03,0,100,187,1,2022-01-21 08:49:04,DEPB26,DE,4,1,4,"7,30",,"7,30",,4,4,,,7,,,,,,,,,,0,1,,,9,,,,7,,0,27,7,,1,1,0,54,1,1
2022-01-22 14:32:05,2022-01-22 14:44:56,0,100,771,1,2022-01-22 14:44:58,DE5682,DE,4,2,4,,"7,6",,80,,,3,2,,,,,,6,4,1,,4,0,0,,,1,,,,2,,0,25,0,Vorstand,1,1,0,55,1,2
2022-01-24 19:26:47,2022-01-24 19:50:33,0,100,1425,1,2022-01-24 19:50:35,DE8479,DE,4,2,5,"7,30",,90,,7,3,,,6,5,6,7,,,,,,,0,1,,,7,,,,3,,0,40,0,geschäftsführender Gesellschafter,2,2,0,67,1,1
2022-01-11 09:13:43,2022-01-25 09:12:35,0,100,1209531,1,2022-01-25 09:12:35,DE4337,DE,4,,,,,,,,,,,,,,,,,,,,,,2,7,,,,2,,,,0,16,0,kfm. Gesamtleiter,2,3,0,53,1,1
2022-01-25 09:11:05,2022-01-25 09:15:05,0,100,240,1,2022-01-25 09:15:05,DE5776,DE,4,2,3,"7,30",,90,,5,5,,,5,4,4,,2,,,,,,1,1,1,,,,1,,,,0,30,7,,2,2,0,58,1,1
2022-01-25 09:11:40,2022-01-25 09:15:18,0,100,218,1,2022-01-25 09:15:18,DE5660,DE,4,3,2,"7,30",,50,,7,7,,,1,1,1,1,,,,,,,1,1,10,,,,7,,,,1,,7,,1,3,0,44,1,1
2022-01-25 09:13:26,2022-01-25 09:23:15,0,100,589,1,2022-01-25 09:23:16,DE2026,DE,4,2,3,,"7,20",,95,,,6,6,,,,,,7,5,7,,4,1,1,2,,,,1,,,,0,38,0,Inhaber,1,1,0,62,1,2
2021-12-21 08:16:13,2022-01-25 09:24:23,0,100,3028090,1,2022-01-25 09:24:24,DE5795,DE,4,1,4,,"8,00",,95,,,5,5,,,,,,2,6,6,,2,2,2,10,,,,7,,,,1,,8,,4,4,,,4,2
2022-01-25 09:14:15,2022-01-25 09:24:43,0,100,627,1,2022-01-25 09:24:43,DE1155,DE,4,,2,,"7,00",,90,,,4,4,,,,,,4,4,4,4,,1,1,3,,,,1,,,,0,15,7,,1,3,0,56,1,2
2022-01-25 09:24:10,2022-01-25 09:29:13,0,100,303,1,2022-01-25 09:29:14,DE6719,DE,4,3,2,,"6,40",,30,,,2,5,,,,,,3,5,2,,3,1,1,1,,,,2,,,,0,30,7,,1,3,0,51,2,2
2022-01-25 09:28:40,2022-01-25 09:33:12,0,100,272,1,2022-01-25 09:33:13,DE7281,DE,4,2,4,"7,48",,85,,6,5,,,5,5,5,2,,,,,,,1,1,4,,,,2,,,,0,40,1,,1,1,0,56,1,1
2022-01-25 09:31:24,2022-01-25 09:36:35,0,100,310,1,2022-01-25 09:36:35,DE5736,DE,4,3,4,"7,30",,90,,5,3,,,3,5,3,,5,,,,,,0,1,,,12,,,,3,,0,45,1,,1,3,0,63,1,1
2022-01-25 09:36:58,2022-01-25 09:40:30,0,100,211,1,2022-01-25 09:40:30,DE8206,DE,4,2,2,"7,35",,90,,7,6,,,5,3,6,,2,,,,,,1,1,3,,,,2,,,,0,20,7,,1,1,0,44,1,1
2022-01-25 09:34:24,2022-01-25 09:42:25,0,100,481,1,2022-01-25 09:42:26,DE4768,DE,4,1,3,,"8,00",,65,,,6,5,,,,,,5,5,6,,2,1,0,0,30000000,,,0,130,,,1,,0,Mitarbeiter Finanzen/Rechnungswesen,1,3,1,,1,2
2022-01-25 09:40:13,2022-01-25 09:48:36,0,100,502,1,2022-01-25 09:48:38,DE8266,DE,4,2,4,"7,30",,80,,7,5,,,6,5,7,4,,,,,,,1,1,9,,,,2,,,,0,27,0,Kfm. Leiter,1,1,0,55,1,1
2022-01-25 09:43:19,2022-01-25 09:49:45,0,100,386,1,2022-01-25 09:49:46,DE4481,DE,4,1,2,,"5,80",,80,,,6,5,,,,,,4,3,2,5,,1,1,1,,,,0,1,,,0,33,7,,1,1,0,60,1,2
2022-01-25 09:56:03,2022-01-25 10:01:11,0,100,307,1,2022-01-25 10:01:12,DE5296,DE,4,2,4,"8,5",,95,,5,4,,,5,3,5,,4,,,,,,1,1,2,,,,0,90,,,0,40,0,kfm. Leiter,2,2,0,65,1,1
2021-12-21 15:34:39,2022-01-25 10:03:31,0,100,3004131,1,2022-01-25 10:03:31,DE254,DE,4,2,2,,"7,50",,66,,,6,6,,,,,,,,,,,,,,,,,,,,,,,,,,,,,,2
2021-12-21 11:07:13,2022-01-25 10:16:20,0,100,3020947,1,2022-01-25 10:16:21,DE9113,DE,4,2,4,"7,4",,90,,5,3,,,4,5,6,2,,,,,,,0,1,,,9,,,,10,,0,30,1,,1,3,1,,1,1
2022-01-25 10:22:23,2022-01-25 10:25:52,0,100,209,1,2022-01-25 10:25:54,DE3320,DE,4,2,2,"7,35",,80,,7,6,,,5,6,5,,4,,,,,,1,1,4,,,,2,,,,0,20,3,,2,3,0,46,1,1
2022-01-25 10:31:44,2022-01-25 10:42:09,0,100,625,1,2022-01-25 10:42:10,DE6836,DE,4,2,4,,"7,50",,90,,,2,6,,,,,,5,6,2,,4,1,1,6,,,,2,,,,0,30,7,,2,3,0,60,1,2
2022-01-25 10:39:04,2022-01-25 10:57:56,0,100,1131,1,2022-01-25 10:57:58,DE1450,DE,4,3,3,,"7,30",,80,,,5,5,,,,,,4,5,4,6,,1,1,0,32.000.000,,,0,115,,,0,21,7,,2,2,0,49,2,2
2022-01-25 10:58:12,2022-01-25 11:01:58,0,100,226,1,2022-01-25 11:01:58,DE7183,DE,4,3,2,"7,25",,90,,6,2,,,6,3,6,,1,,,,,,1,1,6,,,,,,,,0,28,0,Geschäftsführung,2,,0,57,2,1
2022-01-25 11:05:47,2022-01-25 11:12:45,0,100,418,1,2022-01-25 11:12:45,DE8834,DE,4,2,4,,"7,30",,90,,,5,5,,,,,,5,4,1,4,,1,1,4,,,,2,,,,0,20,5,,1,3,0,41,2,2
2022-01-25 11:13:13,2022-01-25 11:20:20,0,100,427,1,2022-01-25 11:20:20,DE3354,DE,4,2,2,"7,90",,80,,,6,,,6,4,1,,3,,,,,,1,1,1,,,,3,,,,0,43,7,,1,1,0,63,2,1
2022-01-25 11:25:02,2022-01-25 11:30:49,0,100,347,1,2022-01-25 11:30:51,DE3557,DE,4,2,3,"7,15",,50,,4,5,,,2,4,2,5,,,,,,,1,1,1,,,,1,,,,0,30,0,Geschäftsführer,2,2,0,55,1,1
2022-01-25 11:37:29,2022-01-25 11:41:22,0,100,232,1,2022-01-25 11:41:23,DE3591,DE,4,3,4,,"7,60",,80,,,6,,,,,,,4,5,5,,5,2,1,5,,,,3,,,,1,,0,Geschäftsführung,4,4,1,,1,2
2022-01-25 11:40:35,2022-01-25 11:46:53,0,100,377,1,2022-01-25 11:46:53,DE3598,DE,4,2,4,,"7,60",,90,,,,4,,,,,,,4,,,,1,1,1,,,,2,,,,0,33,0,Geschäftsführer u. Inhaber,2,,0,59,1,2
2022-01-25 11:49:19,2022-01-25 11:53:08,0,100,228,1,2022-01-25 11:53:08,DE1818,DE,4,2,3,"7,30",,90,,2,6,,,2,2,4,,2,,,,,,1,1,3,,,,2,,,,0,20,7,,2,,0,51,2,1
2022-01-11 11:53:25,2022-01-25 11:59:37,0,100,1209972,1,2022-01-25 11:59:39,DE1723,DE,4,3,4,,"8,00",,75,,,5,,,,,,,1,5,4,,1,1,1,9,,,,1,,,,0,40,7,,1,3,0,63,1,2
2022-01-25 12:04:38,2022-01-25 12:09:48,0,100,310,1,2022-01-25 12:09:49,DE333,DE,4,2,2,,"7,5",,75,,,5,6,,,,,,5,6,7,4,,1,1,0,20000000,,,0,100,,,0,35,7,,2,,0,63,1,2
2022-01-25 12:11:47,2022-01-25 12:18:11,0,100,384,1,2022-01-25 12:18:12,DE7306,DE,4,3,2,,350000,,50,,,4,4,,,,,,,1,,,,2,2,9,,,,2,,,,0,25,7,,4,4,1,,,2
2022-01-25 12:30:06,2022-01-25 12:38:39,0,100,512,1,2022-01-25 12:38:40,DE6289,DE,4,2,2,"7,30",,75,,4,4,,,4,4,5,3,,,,,,,1,2,10,,,,2,,,,0,35,8,,1,1,1,,4,1
2022-01-11 10:43:06,2022-01-25 12:43:11,0,100,1216805,1,2022-01-25 12:43:13,DE2758,DE,4,3,4,,"7,8",,99,,,4,6,,,,,,4,2,4,6,,1,1,0,36000.000,,,0,148,,,0,38,0,"Geschäftsführer, CEO",2,2,0,62,1,2
2022-01-25 13:52:56,2022-01-25 14:08:25,0,100,929,1,2022-01-25 14:08:27,DE5291,DE,4,2,4,"7,50",,0,,5,6,,,6,3,6,3,,,,,,,1,1,4,,,,2,,,,0,23,4,,1,2,0,47,2,1
2022-01-25 16:06:28,2022-01-25 16:16:15,0,100,586,1,2022-01-25 16:16:17,DE5306,DE,4,1,3,"7,3",,95,,6,5,,,3,5,3,,1,,,,,,1,,4,,,,2,,,,1,,7,,1,1,1,,1,1
2022-01-25 17:04:02,2022-01-25 17:07:38,0,100,215,1,2022-01-25 17:07:39,DE8461,DE,4,3,4,"7,22",,70,,4,4,,,5,3,7,,6,,,,,,1,1,4,,,,2,,,,0,30,7,,1,1,1,,1,1
2022-01-11 08:04:36,2022-01-25 17:41:21,0,100,1244204,1,2022-01-25 17:41:22,DE7146,DE,4,2,4,"7,38",,80,,5,5,,,4,2,4,2,,,,,,,1,1,0,"1,8 Mio",,,0,15,,,0,37,0,Inhaber,2,,0,58,,1
2022-01-26 07:30:18,2022-01-26 07:34:33,0,100,255,1,2022-01-26 07:34:33,DE8883,DE,4,2,3,,8,,80,,,7,6,,,,,,5,6,5,,3,1,1,1,,,,2,,,,0,22,0,Geschäftsführer,2,3,0,48,2,2
2022-01-26 11:27:34,2022-01-26 11:33:44,0,100,369,1,2022-01-26 11:33:45,DE5702,DE,4,1,4,"7,36",,82,,2,6,,,7,1,6,3,,,,,,,0,0,,,4,,,,2,,0,5,4,,3,3,0,32,1,1
2022-01-26 12:11:32,2022-01-26 12:16:50,0,100,318,1,2022-01-26 12:16:52,DE8750,DE,4,,,,,,,,,,,,,,,,,,,,,,,,,,,,,,,,,,,,2,0,42,2,1
2022-01-11 17:29:05,2022-01-26 21:42:56,0,100,1311231,1,2022-01-26 21:42:56,DE837,DE,4,2,1,"7,15",,40,,3,5,,,2,4,5,,6,,,,,,1,1,0,7.000.000,,,0,41,,,0,50,0,Inhaber,1,,,,1,1
2022-01-27 07:52:52,2022-01-27 07:56:33,0,100,221,1,2022-01-27 07:56:34,DE6233,DE,4,3,4,"7,40",,50,,7,4,,,6,5,4,5,,,,,,,0,0,,,11,,,,7,,0,6,3,,3,2,,,1,1
2022-01-27 11:46:12,2022-01-27 11:50:43,0,100,271,1,2022-01-27 11:50:46,DE6383,DE,4,2,4,"7,45",,95,,5,4,,,6,5,6,2,,,,,,,2,2,10,,,,7,,,,1,,8,,4,4,,,4,1
2022-01-28 07:32:06,2022-01-28 07:43:15,0,100,668,1,2022-01-28 07:43:17,DE7378,DE,4,2,2,,"6,5",,70,,,4,5,,,,,,6,3,4,,3,1,1,1,,,,1,,,,0,40,7,,2,3,0,56,1,2
2022-01-28 12:03:40,2022-01-28 12:16:45,0,100,784,1,2022-01-28 12:16:46,DE5804,DE,4,2,4,"7,42",,85,,5,3,,,6,4,6,,2,,,,,,1,1,6,,,,2,,,,0,35,1,,1,2,0,59,1,1
2021-12-21 07:43:56,2021-12-21 07:44:31,0,15,35,0,2022-02-09 14:57:52,DE122,DE,4,3,2,,,,,,,,,,,,,,,,,,,,,,,,,,,,,,,,,,,,,,2
2021-12-21 08:05:00,2021-12-21 08:05:51,0,12,50,0,2022-02-09 14:58:04,DE5388,DE,4,,,,,,,,,,,,,,,,,,,,,,,,,,,,,,,,,,,,,,,,1
2021-12-21 08:15:51,2021-12-21 08:34:59,0,38,1148,0,2022-02-09 14:58:07,DE2382,DE,4,1,4,"7,50",,70,,2,2,,,,,,,,,,,,,,,,,,,,,,,,,,,,,,,,1
2021-12-21 08:20:09,2021-12-21 08:20:46,0,12,37,0,2022-02-09 14:58:11,DE3437,DE,4,3,,,,,,,,,,,,,,,,,,,,,,,,,,,,,,,,,,,,,,,2
2021-12-21 08:20:37,2021-12-21 08:24:10,0,8,213,0,2022-02-09 14:58:12,DE8453,DE,4,2,,,,,,,,,,,,,,,,,,,,,,,,,,,,,,,,,,,,,,,2
2021-12-21 08:46:53,2021-12-21 09:08:14,0,38,1281,0,2022-02-09 14:58:14,DE8179,DE,4,2,4,,"8,20",,80,,,4,,,,,,,,,,,,,,,,,,,,,,,,,,,,,,,2
2021-12-21 09:46:10,2021-12-21 09:47:26,0,15,75,0,2022-02-09 14:58:24,DE2599,DE,4,2,2,,,,,,,,,,,,,,,,,,,,,,,,,,,,,,,,,,,,,,2
2021-12-21 10:16:58,2021-12-21 10:18:14,0,15,75,0,2022-02-09 14:58:30,DE6887,DE,4,3,4,,,,,,,,,,,,,,,,,,,,,,,,,,,,,,,,,,,,,,1
2021-12-21 10:30:06,2021-12-22 10:14:08,0,8,85442,0,2022-02-09 14:58:31,DE9561,DE,4,,,,,,,,,,,,,,,,,,,,,,,,,,,,,,,,,,,,,,,,1
2021-12-21 10:50:38,2021-12-21 10:54:26,0,38,227,0,2022-02-09 14:58:34,DE1189,DE,4,1,4,7.50,,50,,6,6,,,,,,,,,,,,,,,,,,,,,,,,,,,,,,,,1
2021-12-21 10:52:24,2021-12-21 10:54:06,0,23,101,0,2022-02-09 14:58:35,DE3239,DE,4,3,1,,1.2,,,,,,,,,,,,,,,,,,,,,,,,,,,,,,,,,,,,2
2021-12-21 11:30:25,2021-12-21 11:31:35,0,15,69,0,2022-02-09 14:58:36,DE3344,DE,4,2,2,,,,,,,,,,,,,,,,,,,,,,,,,,,,,,,,,,,,,,2
2021-12-21 12:06:57,2021-12-21 12:19:06,0,58,728,0,2022-02-09 14:58:37,DE8059,DE,4,2,2,"7,22",,95,,5,2,,,5,,,,,,,,,,1,1,,,,,,,,,,,,,,,,,,1
2021-12-21 13:56:03,2022-01-11 08:30:23,0,15,1794860,0,2022-02-09 14:58:39,DE5703,DE,4,1,,,,,,,,,,,,,,,,,,,,,,,,,,,,,,,,,,,,,,,1
2021-12-21 14:33:20,2022-01-11 12:04:39,0,38,1805478,0,2022-02-09 14:58:39,DE3052,DE,4,3,3,,7,,70,,,4,4,,,,,,,,,,,,,,,,,,,,,,,,,,,,,,2
2022-01-26 14:06:07,2022-02-01 10:29:43,0,8,505415,0,2022-02-09 14:58:39,DE4203,DE,4,,,,,,,,,,,,,,,,,,,,,,,,,,,,,,,,,,,,,,,,1
2021-12-21 15:30:47,2021-12-21 15:31:34,0,8,47,0,2022-02-09 14:58:41,DE7607,DE,4,,,,,,,,,,,,,,,,,,,,,,,,,,,,,,,,,,,,,,,,2
2022-01-25 09:33:45,2022-01-25 09:34:10,0,8,25,0,2022-02-09 14:58:41,DE8108,DE,4,,,,,,,,,,,,,,,,,,,,,,,,,,,,,,,,,,,,,,,,1
2022-01-25 09:17:16,2022-01-25 09:17:31,0,8,15,0,2022-02-09 14:58:41,DE8681,DE,4,,,,,,,,,,,,,,,,,,,,,,,,,,,,,,,,,,,,,,,,1
2022-01-12 13:15:33,2022-01-12 13:21:02,0,8,329,0,2022-02-09 14:58:42,DE7467,DE,4,1,,,,,,,,,,,,,,,,,,,,,,,,,,,,,,,,,,,,,,,2
2022-01-11 10:41:49,2022-01-11 10:43:32,0,8,103,0,2022-02-09 14:58:44,DE1731,DE,4,,,,,,,,,,,,,,,,,,,,,,,,,,,,,,,,,,,,,,,,1
2022-01-11 10:39:18,2022-01-11 10:40:12,0,8,54,0,2022-02-09 14:58:44,DE1754,DE,4,,,,,,,,,,,,,,,,,,,,,,,,,,,,,,,,,,,,,,,,2
2021-12-21 21:59:34,2021-12-21 22:00:43,0,15,69,0,2022-02-09 14:58:45,DE564,DE,4,2,4,,,,,,,,,,,,,,,,,,,,,,,,,,,,,,,,,,,,,,1
2022-01-11 09:55:55,2022-01-11 09:56:33,0,8,37,0,2022-02-09 14:58:46,DE638,DE,4,,,,,,,,,,,,,,,,,,,,,,,,,,,,,,,,,,,,,,,,1
2022-01-11 09:22:12,2022-01-11 09:22:29,0,8,16,0,2022-02-09 14:58:48,DE1764,DE,4,,,,,,,,,,,,,,,,,,,,,,,,,,,,,,,,,,,,,,,,1
2021-12-22 13:21:13,2021-12-22 13:22:41,0,38,88,0,2022-02-09 14:58:49,DE9424,DE,4,2,4,"7,30",,80,,5,4,,,,,,,,,,,,,,,,,,,,,,,,,,,,,,,,1
2022-01-11 09:15:46,2022-01-11 09:16:25,0,8,38,0,2022-02-09 14:58:49,DE5895,DE,4,,,,,,,,,,,,,,,,,,,,,,,,,,,,,,,,,,,,,,,,1
2022-01-11 08:08:46,2022-01-11 08:09:16,0,8,30,0,2022-02-09 14:58:52,DE6397,DE,4,,,,,,,,,,,,,,,,,,,,,,,,,,,,,,,,,,,,,,,,2
2022-01-11 08:04:27,2022-01-11 08:04:38,0,8,11,0,2022-02-09 14:58:56,DE6809,DE,4,,,,,,,,,,,,,,,,,,,,,,,,,,,,,,,,,,,,,,,,1
2021-12-27 09:33:03,2021-12-27 09:34:47,0,8,103,0,2022-02-09 14:58:58,DE4023,DE,4,2,,,,,,,,,,,,,,,,,,,,,,,,,,,,,,,,,,,,,,,1
2021-12-21 09:42:19,2021-12-21 09:42:35,0,8,16,0,2022-02-09 14:59:00,DE8744,DE,4,,,,,,,,,,,,,,,,,,,,,,,,,,,,,,,,,,,,,,,,2
2021-12-21 08:48:32,2021-12-21 08:52:02,0,8,210,0,2022-02-09 14:59:01,DE588,DE,4,,,,,,,,,,,,,,,,,,,,,,,,,,,,,,,,,,,,,,,,2
2021-12-30 12:53:04,2021-12-30 12:53:52,0,12,47,0,2022-02-09 14:59:02,DE5512,DE,4,3,,,,,,,,,,,,,,,,,,,,,,,,,,,,,,,,,,,,,,,2
2022-01-11 08:05:14,2022-01-11 08:07:14,0,77,119,0,2022-02-09 14:59:02,DE2635,DE,4,3,2,,,,,,,,,,,,,,,,,,,1,1,,,,,,,,,,,,,,,,,,2
2022-01-11 08:08:16,2022-01-11 08:09:01,0,8,45,0,2022-02-09 14:59:03,DE3058,DE,4,,,,,,,,,,,,,,,,,,,,,,,,,,,,,,,,,,,,,,,,1
2021-12-21 08:42:07,2021-12-21 12:12:41,0,8,12634,0,2022-02-09 14:59:03,DE6860,DE,4,,,,,,,,,,,,,,,,,,,,,,,,,,,,,,,,,,,,,,,,1
2021-12-21 08:17:29,2021-12-21 08:17:45,0,8,16,0,2022-02-09 14:59:03,DE3258,DE,4,,,,,,,,,,,,,,,,,,,,,,,,,,,,,,,,,,,,,,,,1
2021-12-21 08:14:19,2021-12-21 08:14:39,0,8,19,0,2022-02-09 14:59:05,DE7654,DE,4,,,,,,,,,,,,,,,,,,,,,,,,,,,,,,,,,,,,,,,,1
2022-01-11 08:09:50,2022-01-11 08:11:24,0,15,93,0,2022-02-09 14:59:10,DE3270,DE,4,2,4,,,,,,,,,,,,,,,,,,,,,,,,,,,,,,,,,,,,,,2
2021-12-21 08:11:01,2021-12-21 08:11:19,0,8,18,0,2022-02-09 14:59:15,DE8716,DE,4,,,,,,,,,,,,,,,,,,,,,,,,,,,,,,,,,,,,,,,,2
2022-01-11 08:21:15,2022-01-11 08:22:17,0,15,61,0,2022-02-09 14:59:18,DE1469,DE,4,1,4,,,,,,,,,,,,,,,,,,,,,,,,,,,,,,,,,,,,,,2
2021-12-21 08:03:18,2021-12-22 08:03:02,0,8,86383,0,2022-02-09 14:59:18,DE5391,DE,4,,,,,,,,,,,,,,,,,,,,,,,,,,,,,,,,,,,,,,,,1
2022-01-25 09:50:32,2022-01-25 09:52:57,0,12,144,0,2022-02-09 14:59:19,DE7409,DE,4,1,,,,,,,,,,,,,,,,,,,,,,,,,,,,,,,,,,,,,,,2
2022-01-11 13:18:47,2022-01-11 13:21:05,0,12,138,0,2022-02-09 14:59:19,DE6554,DE,4,3,,,,,,,,,,,,,,,,,,,,,,,,,,,,,,,,,,,,,,,1
2022-01-11 08:35:00,2022-01-11 08:35:29,0,12,28,0,2022-02-09 14:59:20,DE1985,DE,4,3,,,,,,,,,,,,,,,,,,,,,,,,,,,,,,,,,,,,,,,2
2022-01-11 08:35:43,2022-01-11 08:36:28,0,8,45,0,2022-02-09 14:59:20,AT107,DE,4,,,,,,,,,,,,,,,,,,,,,,,,,,,,,,,,,,,,,,,,1
2022-01-11 08:48:35,2022-01-11 08:48:57,0,8,21,0,2022-02-09 14:59:20,DE4122,DE,4,,,,,,,,,,,,,,,,,,,,,,,,,,,,,,,,,,,,,,,,1
2022-01-11 09:07:37,2022-01-11 09:07:59,0,8,21,0,2022-02-09 14:59:21,DE2266,DE,4,,,,,,,,,,,,,,,,,,,,,,,,,,,,,,,,,,,,,,,,1
2022-01-11 10:03:03,2022-01-11 10:03:43,0,12,40,0,2022-02-09 14:59:21,DE2398,DE,4,,,,,,,,,,,,,,,,,,,,,,,,,,,,,,,,,,,,,,,,2
2022-01-11 08:46:58,2022-01-11 08:47:46,0,12,47,0,2022-02-09 14:59:22,DE2924,DE,4,,,,,,,,,,,,,,,,,,,,,,,,,,,,,,,,,,,,,,,,2
2022-01-11 09:07:48,2022-01-11 09:10:33,0,15,164,0,2022-02-09 14:59:22,DE9227,DE,4,3,3,,,,,,,,,,,,,,,,,,,,,,,,,,,,,,,,,,,,,,2
2021-12-21 18:17:25,2021-12-21 18:18:06,0,12,41,0,2022-02-09 14:59:23,DE7384,DE,4,3,,,,,,,,,,,,,,,,,,,,,,,,,,,,,,,,,,,,,,,2
2021-12-21 07:51:47,2021-12-21 07:52:22,0,12,35,0,2022-02-09 14:59:24,DE1071,DE,4,1,,,,,,,,,,,,,,,,,,,,,,,,,,,,,,,,,,,,,,,2
2022-01-11 09:10:02,2022-01-11 09:11:41,0,38,99,0,2022-02-09 14:59:24,DE8687,DE,4,1,3,"8,50",,90,,3,4,,,,,,,,,,,,,,,,,,,,,,,,,,,,,,,,1
2022-01-11 09:27:43,2022-01-11 09:28:14,0,12,30,0,2022-02-09 14:59:25,DE8346,DE,4,3,,,,,,,,,,,,,,,,,,,,,,,,,,,,,,,,,,,,,,,2
2022-01-25 15:53:35,2022-01-25 15:54:51,0,15,75,0,2022-02-09 14:59:25,DE7827,DE,4,2,3,,,,,,,,,,,,,,,,,,,,,,,,,,,,,,,,,,,,,,2
2022-01-11 09:32:07,2022-01-11 09:32:37,0,8,29,0,2022-02-09 14:59:25,DE665,DE,4,,,,,,,,,,,,,,,,,,,,,,,,,,,,,,,,,,,,,,,,2
2022-01-11 09:39:34,2022-01-11 16:28:00,0,15,24505,0,2022-02-09 14:59:26,DE467,DE,4,1,4,,,,,,,,,,,,,,,,,,,,,,,,,,,,,,,,,,,,,,1
2022-01-11 09:07:21,2022-01-11 09:09:14,0,15,112,0,2022-02-09 14:59:27,DE1333,DE,4,2,3,,,,,,,,,,,,,,,,,,,,,,,,,,,,,,,,,,,,,,1
2022-01-11 08:56:57,2022-01-11 08:57:52,0,15,54,0,2022-02-09 14:59:27,DE6805,DE,4,3,3,,,,,,,,,,,,,,,,,,,,,,,,,,,,,,,,,,,,,,2
2022-01-11 09:34:44,2022-01-11 09:35:38,0,15,54,0,2022-02-09 14:59:27,DE7950,DE,4,3,3,,,,,,,,,,,,,,,,,,,,,,,,,,,,,,,,,,,,,,1
2022-01-11 08:05:21,2022-01-11 08:06:00,0,15,39,0,2022-02-09 14:59:28,DE2383,DE,4,,,,,,,,,,,,,,,,,,,,,,,,,,,,,,,,,,,,,,,,1
2021-12-21 11:43:39,2021-12-21 11:53:56,0,15,617,0,2022-02-09 14:59:28,DE8010,DE,4,2,3,,,,,,,,,,,,,,,,,,,,,,,,,,,,,,,,,,,,,,1
2022-01-11 10:26:34,2022-01-11 10:27:31,0,15,56,0,2022-02-09 14:59:29,DE4089,DE,4,3,2,,,,,,,,,,,,,,,,,,,,,,,,,,,,,,,,,,,,,,1
2021-12-21 10:38:32,2022-01-27 11:33:05,0,15,3200072,0,2022-02-09 14:59:30,DE6642,DE,4,3,3,,,,,,,,,,,,,,,,,,,,,,,,,,,,,,,,,,,,,,2
2021-12-21 08:51:58,2021-12-21 08:52:25,0,15,27,0,2022-02-09 14:59:31,DE9601,DE,4,2,3,,,,,,,,,,,,,,,,,,,,,,,,,,,,,,,,,,,,,,1
2021-12-21 08:29:44,2021-12-21 08:30:18,0,15,34,0,2022-02-09 14:59:31,AT75,DE,4,,,,,,,,,,,,,,,,,,,,,,,,,,,,,,,,,,,,,,,,1
2021-12-21 07:59:19,2021-12-21 07:59:56,0,15,37,0,2022-02-09 14:59:32,DE6275,DE,4,1,2,,,,,,,,,,,,,,,,,,,,,,,,,,,,,,,,,,,,,,1
2021-12-21 07:43:34,2022-01-17 08:21:04,0,15,2335049,0,2022-02-09 14:59:33,DE4412,DE,4,3,4,,,,,,,,,,,,,,,,,,,,,,,,,,,,,,,,,,,,,,1
2022-01-26 08:19:47,2022-01-26 08:20:23,0,23,35,0,2022-02-09 14:59:33,DE2877,DE,4,1,4,"7,35",,,,,,,,,,,,,,,,,,,,,,,,,,,,,,,,,,,,,1
2022-01-11 10:41:01,2022-01-11 10:41:19,0,8,18,0,2022-02-09 14:59:33,DE5953,DE,4,,,,,,,,,,,,,,,,,,,,,,,,,,,,,,,,,,,,,,,,1
2022-01-25 09:46:51,2022-01-25 09:48:37,0,23,105,0,2022-02-09 14:59:35,DE7557,DE,4,3,4,"7,35",,,,,,,,,,,,,,,,,,,,,,,,,,,,,,,,,,,,,1
2022-01-11 10:42:59,2022-01-11 10:45:33,0,15,153,0,2022-02-09 14:59:36,DE6045,DE,4,3,4,,,,,,,,,,,,,,,,,,,,,,,,,,,,,,,,,,,,,,2
2022-01-11 11:02:29,2022-01-12 07:56:19,0,31,75229,0,2022-02-09 14:59:39,DE6881,DE,4,,,,,,,,,,,,,,,,,,,,,,,,,,,,,,,,,,,,,,,,1
2022-01-25 09:15:58,2022-01-25 09:16:58,0,23,60,0,2022-02-09 14:59:39,DE3071,DE,4,3,3,,,,,,,,,,,,,,,,,,,,,,,,,,,,,,,,,,,,,,1
2022-01-11 08:39:44,2022-01-11 15:57:53,0,23,26289,0,2022-02-09 14:59:40,DE3015,DE,4,2,3,,"8,5",,,,,,,,,,,,,,,,,,,,,,,,,,,,,,,,,,,,2
2022-01-11 08:24:39,2022-01-11 08:25:59,0,23,79,0,2022-02-09 14:59:41,DE5231,DE,4,3,3,,"5,00",,,,,,,,,,,,,,,,,,,,,,,,,,,,,,,,,,,,2
2021-12-21 14:10:10,2021-12-21 14:13:14,0,23,183,0,2022-02-09 14:59:43,DE2313,DE,4,3,2,,"7,30",,100,,,,,,,,,,,,,,,,,,,,,,,,,,,,,,,,,,2
2022-01-11 11:12:38,2022-01-11 11:13:34,0,12,56,0,2022-02-09 14:59:44,DE2879,DE,4,1,,,,,,,,,,,,,,,,,,,,,,,,,,,,,,,,,,,,,,,1
2021-12-21 09:51:58,2022-01-25 09:58:57,0,23,3024419,0,2022-02-09 14:59:44,DE2785,DE,4,3,4,"7,30",,,,,,,,,,,,,,,,,,,,,,,,,,,,,,,,,,,,,1
2022-01-11 11:14:21,2022-01-11 11:15:29,0,12,68,0,2022-02-09 14:59:46,DE7678,DE,4,2,,,,,,,,,,,,,,,,,,,,,,,,,,,,,,,,,,,,,,,1
2022-01-26 18:35:20,2022-01-26 18:36:55,0,31,94,0,2022-02-09 14:59:46,DE8410,DE,4,3,4,7,,50,,,,,,,,,,,,,,,,,,,,,,,,,,,,,,,,,,,1
2022-01-12 17:17:23,2022-01-12 17:20:07,0,31,164,0,2022-02-09 14:59:47,DE3445,DE,4,,3,,"6,55",,85,,,,,,,,,,,,,,,,,,,,,,,,,,,,,,,,,,2
2022-01-11 11:46:26,2022-01-11 11:55:01,0,15,515,0,2022-02-09 14:59:47,DE1954,DE,4,,3,,,,,,,,,,,,,,,,,,,,,,,,,,,,,,,,,,,,,,1
2022-01-12 13:55:21,2022-01-12 13:57:02,0,31,101,0,2022-02-09 14:59:48,DE2389,DE,4,1,,,,,,,,,,,,,,,,,,,,,,,,,,,,,,,,,,,,,,,1
2022-01-11 13:52:43,2022-01-11 13:54:09,0,31,85,0,2022-02-09 14:59:48,DE2457,DE,4,2,4,"7,30",,98,,,,,,,,,,,,,,,,,,,,,,,,,,,,,,,,,,,1
2022-01-11 13:24:57,2022-01-11 13:27:05,0,31,128,0,2022-02-09 14:59:49,DE5948,DE,4,2,4,,"8,20",,80,,,,,,,,,,,,,,,,,,,,,,,,,,,,,,,,,,2
2022-01-11 09:21:56,2022-01-11 09:24:37,0,31,161,0,2022-02-09 14:59:49,DE5217,DE,4,1,4,,"8,20",,80,,,,,,,,,,,,,,,,,,,,,,,,,,,,,,,,,,2
2022-01-11 08:02:55,2022-01-11 08:42:01,0,31,2346,0,2022-02-09 14:59:49,DE2770,DE,4,3,3,,4,,40,,,,,,,,,,,,,,,,,,,,,,,,,,,,,,,,,,2
2022-01-11 15:56:20,2022-01-11 16:20:08,0,38,1427,0,2022-02-09 14:59:50,DE1581,DE,4,1,3,,400000,,60,,,,3,,,,,,,,,,,,,,,,,,,,,,,,,,,,,,2
2021-12-21 20:01:56,2021-12-21 20:03:53,0,31,117,0,2022-02-09 14:59:52,DE2786,DE,4,,,,,,,,,,,,,,,,,,,,,,,,,,,,,,,,,,,,,,,,2
2022-01-12 07:47:12,2022-01-12 07:50:10,0,96,178,0,2022-02-09 14:59:52,DE142,DE,4,,,,,,,,,,,,,,,,,,,,,,,,,,,,,,,,,,,,,,,,2
2021-12-21 14:50:00,2021-12-21 16:04:18,0,31,4458,0,2022-02-09 14:59:54,DE1180,DE,4,2,2,"7,30",,75,,,,,,,,,,,,,,,,,,,,,,,,,,,,,,,,,,,1
2022-01-25 09:12:50,2022-01-25 09:15:26,0,38,155,0,2022-02-09 14:59:54,DE9489,DE,4,1,2,"7,20",,30,,1,2,,,,,,,,,,,,,,,,,,,,,,,,,,,,,,,,1
2022-01-12 12:37:21,2022-01-12 12:38:26,0,15,65,0,2022-02-09 14:59:55,DE694,DE,4,,,,,,,,,,,,,,,,,,,,,,,,,,,,,,,,,,,,,,,,1
2022-01-11 16:00:07,2022-01-11 16:01:55,0,38,108,0,2022-02-09 14:59:56,DE5005,DE,4,3,,,8,,80,,,,,,,,,,,,,,,,,,,,,,,,,,,,,,,,,,2
2022-01-12 17:05:25,2022-01-12 17:06:39,0,15,73,0,2022-02-09 14:59:56,DE8439,DE,4,2,3,,,,,,,,,,,,,,,,,,,,,,,,,,,,,,,,,,,,,,1
2022-01-11 15:41:03,2022-01-11 15:47:47,0,38,403,0,2022-02-09 14:59:56,DE5949,DE,4,2,4,"7,30",,80,,4,4,,,,,,,,,,,,,,,,,,,,,,,,,,,,,,,,1
2022-01-11 08:20:35,2022-01-11 08:22:51,0,38,135,0,2022-02-09 14:59:57,DE3559,DE,4,2,2,"500.000,00",,95,,3,6,,,,,,,,,,,,,,,,,,,,,,,,,,,,,,,,1
2021-12-22 08:51:14,2021-12-22 08:54:12,0,38,178,0,2022-02-09 14:59:58,DE5185,DE,4,2,4,,"7,50",,98,,,5,3,,,,,,,,,,,,,,,,,,,,,,,,,,,,,,2
2021-12-21 09:05:31,2021-12-21 09:08:42,0,38,190,0,2022-02-09 14:59:58,DE9337,DE,4,2,4,,"8,50",,90,,,2,3,,,,,,,,,,,,,,,,,,,,,,,,,,,,,,2
2022-01-13 14:07:19,2022-01-13 14:07:47,0,8,27,0,2022-02-09 14:59:58,DE3611,DE,4,,,,,,,,,,,,,,,,,,,,,,,,,,,,,,,,,,,,,,,,1
2022-01-25 12:24:48,2022-01-25 12:37:21,0,58,753,0,2022-02-09 14:59:59,DE6670,DE,4,,,,,,,,,,,,,,,,,,,,,,,,,,,,,,,,,,,,,,,,1
2022-01-11 08:33:48,2022-01-11 08:36:47,0,58,178,0,2022-02-09 14:59:59,DE8445,DE,4,2,3,,"7,10",,90,,,4,4,,,,,,3,4,5,3,,1,1,,,,,,,,,,,,,,,,,,2
2022-01-13 18:07:20,2022-01-13 18:08:32,0,15,71,0,2022-02-09 14:59:59,DE3589,DE,4,3,3,,,,,,,,,,,,,,,,,,,,,,,,,,,,,,,,,,,,,,1
2022-01-11 10:31:49,2022-01-11 10:32:54,0,65,65,0,2022-02-09 15:00:00,DE2800,DE,4,,,,,,,,,,,,,,,,,,,,,,,,,,,,,,,,,,,,,,,,1
2022-01-26 12:09:20,2022-01-26 12:14:13,0,96,293,0,2022-02-09 15:00:02,DE1689,DE,4,3,2,,7,,75,,,5,5,,,,,,5,4,5,4,,1,1,1,,,,1,,,,0,30,7,,1,2,0,57,1,2
2022-01-17 10:03:14,2022-02-08 17:24:14,0,31,1927260,0,2022-02-09 15:00:02,DE5448,DE,4,,,,,,,,,,,,,,,,,,,,,,,,,,,,,,,,,,,,,,,,1
2022-01-17 12:16:35,2022-01-17 12:17:38,0,23,62,0,2022-02-09 15:00:04,DE8482,DE,4,2,3,0,,,,,,,,,,,,,,,,,,,,,,,,,,,,,,,,,,,,,1
2022-01-19 13:41:07,2022-01-19 13:41:57,0,58,50,0,2022-02-09 15:00:05,DE7126,DE,4,,,,,,,,,,,,,,,,,,,,,,,,,,,,,,,,,,,,,,,,2
2022-01-11 10:45:26,2022-01-11 10:47:57,0,96,151,0,2022-02-09 15:00:06,DE9229,DE,4,,,,,,,,,,,,,,,,,,,,,,,,,,,,,,,,,,,,,,,,1
2022-01-11 08:25:43,2022-01-11 08:41:22,0,96,939,0,2022-02-09 15:00:08,DE2840,DE,4,,,,,,,,,,,,,,,,,,,,,2,,,,,,,,,,,,,,,,,,,2
2022-01-25 09:03:27,2022-01-25 09:04:15,0,8,48,0,2022-02-09 15:00:09,DE1671,DE,4,,,,,,,,,,,,,,,,,,,,,,,,,,,,,,,,,,,,,,,,2
2022-01-25 09:06:41,2022-01-25 09:07:45,0,15,63,0,2022-02-09 15:00:12,DE5463,DE,4,,4,,,,,,,,,,,,,,,,,,,,,,,,,,,,,,,,,,,,,,1
2022-01-25 09:19:07,2022-01-25 09:19:40,0,12,33,0,2022-02-09 15:00:15,DE3070,DE,4,3,,,,,,,,,,,,,,,,,,,,,,,,,,,,,,,,,,,,,,,2
2022-01-25 09:23:32,2022-01-25 09:25:10,0,38,97,0,2022-02-09 15:00:18,DE2161,DE,4,3,3,,7,,70,,,4,6,,,,,,,,,,,,,,,,,,,,,,,,,,,,,,2
2022-01-25 09:24:57,2022-01-25 09:25:23,0,12,26,0,2022-02-09 15:00:19,DE6069,DE,4,3,,,,,,,,,,,,,,,,,,,,,,,,,,,,,,,,,,,,,,,1
2022-01-25 09:51:42,2022-01-25 09:52:50,0,15,68,0,2022-02-09 15:00:23,DE6490,DE,4,3,3,,,,,,,,,,,,,,,,,,,,,,,,,,,,,,,,,,,,,,2
2022-01-25 10:11:24,2022-01-25 10:12:10,0,23,45,0,2022-02-09 15:00:25,DE721,DE,4,3,2,,,,,,,,,,,,,,,,,,,,,,,,,,,,,,,,,,,,,,1
2022-01-25 10:43:19,2022-01-25 10:44:38,0,15,78,0,2022-02-09 15:00:25,DE7283,DE,4,3,,,,,,,,,,,,,,,,,,,,,,,,,,,,,,,,,,,,,,,1
2022-01-25 11:54:03,2022-01-25 12:05:23,0,23,679,0,2022-02-09 15:00:27,DE4282,DE,4,1,2,5,,,,,,,,,,,,,,,,,,,,,,,,,,,,,,,,,,,,,1
2022-01-25 13:38:43,2022-01-26 12:39:29,0,8,82845,0,2022-02-09 15:00:27,DE7454,DE,4,3,,,,,,,,,,,,,,,,,,,,,,,,,,,,,,,,,,,,,,,2
2022-01-25 14:02:01,2022-01-25 14:02:18,0,8,17,0,2022-02-09 15:00:30,DE5534,DE,4,,,,,,,,,,,,,,,,,,,,,,,,,,,,,,,,,,,,,,,,1
2022-01-25 15:00:17,2022-01-25 15:01:58,0,15,101,0,2022-02-09 15:00:35,DE4448,DE,4,2,3,,,,,,,,,,,,,,,,,,,,,,,,,,,,,,,,,,,,,,2
2022-01-26 10:12:13,2022-01-26 10:12:32,0,8,18,0,2022-02-09 15:00:40,DE907,DE,4,,,,,,,,,,,,,,,,,,,,,,,,,,,,,,,,,,,,,,,,2
2022-01-28 08:19:03,2022-01-28 09:33:22,0,96,4458,0,2022-02-09 15:00:40,DE2673,DE,4,,,,,,,,,,,,,,,,,,,,,,,,,,,,,,,,,,,,,,,,2
